round,selected,evaluated,cache_mismatch,lr,accuracy,accuracy_std,accuracy_min,accuracy_max,precision_macro,precision_macro_std,precision_macro_min,precision_macro_max,precision_micro,precision_micro_std,precision_micro_min,precision_micro_max,precision_weighted,precision_weighted_std,precision_weighted_min,precision_weighted_max,recall_macro,recall_macro_std,recall_macro_min,recall_macro_max,recall_micro,recall_micro_std,recall_micro_min,recall_micro_max,recall_weighted,recall_weighted_std,recall_weighted_min,recall_weighted_max,f1_macro,f1_macro_std,f1_macro_min,f1_macro_max,f1_micro,f1_micro_std,f1_micro_min,f1_micro_max,f1_weighted,f1_weighted_std,f1_weighted_min,f1_weighted_max,loss_w_client_mean,ce_orig_client_mean,loss_theta_client_mean,gnorm_w,gnorm_theta,steps_w,skipped_w,steps_theta,skipped_theta,train_sec,eval_sec,vram_train_gb,vram_eval_gb,backend,seconds
1,100,100,0,0.001,0.42483993308270174,0.09218175504603723,0.19153259960211286,0.574448282152144,0.43367809421052606,0.05747961881229122,0.25858734740385736,0.5374792719365021,0.42483993308270174,0.09218175504603723,0.19153259960211286,0.574448282152144,0.5818034528761636,0.058856540644831035,0.2899664662549897,0.6625290214688877,0.3923920675625609,0.05013621045594148,0.2406942703319149,0.5098816043586832,0.42483993308270174,0.09218175504603723,0.19153259960211286,0.574448282152144,0.42483993308270174,0.09218175504603723,0.19153259960211286,0.574448282152144,0.3238482682727499,0.05598453345019389,0.15358558537613592,0.4396822057275077,0.42483993308270174,0.09218175504603723,0.19153259960211286,0.574448282152144,0.41100324507256375,0.10006216467229712,0.14492409663235167,0.5700398854616624,0.6292078096097287,0.23935914641320996,0.26559203463383363,1.5089153267143616,1.6952006281238061,168200,5,168200,52,1550.1976904659998,1279.602818502,7.1761322021484375,7.3360676765441895,compiled,2832.443451041
2,100,100,0,0.0009989829694114164,0.4152869544256697,0.09272487036944625,0.15826398247876683,0.5653788751088038,0.4351382695971502,0.05108709210995332,0.2944627794295894,0.5471984729981334,0.4152869544256697,0.09272487036944625,0.15826398247876683,0.5653788751088038,0.5817327830705218,0.05594878493000951,0.29972900160114624,0.6555408183540229,0.3936268531983497,0.049654034739066454,0.24941741428384753,0.49611169775669184,0.4152869544256697,0.09272487036944625,0.15826398247876683,0.5653788751088038,0.4152869544256697,0.09272487036944625,0.15826398247876683,0.5653788751088038,0.3231992223502307,0.05624643162229596,0.15708580913355907,0.42548696319003154,0.4152869544256697,0.09272487036944625,0.15826398247876683,0.5653788751088038,0.4033305549412289,0.10252574663017928,0.1085955233168969,0.5597720335337966,0.34088791039616984,0.09318617974597863,0.18061959020670731,0.9427804339552405,1.4569845899177045,168200,3,168200,19,1390.648181685,1253.336942412,7.311860084533691,7.316518783569336,compiled,2647.2059269499996
3,100,100,0,0.0009959360568425068,0.4071721670798895,0.09175188815086008,0.16594815349719827,0.5808575193635218,0.4270958550385457,0.05057043907217403,0.2866305169300959,0.523525694063229,0.4071721670798895,0.09175188815086008,0.16594815349719827,0.5808575193635218,0.5778967918408813,0.050976352947704376,0.30281241135279646,0.6361531247532879,0.39127997041259827,0.0500752124022367,0.2599956726095004,0.49961422927661514,0.4071721670798895,0.09175188815086008,0.16594815349719827,0.5808575193635218,0.4071721670798895,0.09175188815086008,0.16594815349719827,0.5808575193635218,0.3176805327904349,0.05535991829900633,0.1555625268359497,0.4300042783219984,0.4071721670798895,0.09175188815086008,0.16594815349719827,0.5808575193635218,0.39377929594020683,0.10222767141723961,0.12701520706966152,0.5667804220743626,0.2601074268078848,0.06374126827572024,0.14100461354615773,0.6988470870758909,1.2103631503423045,168200,12,168200,23,1317.158190235,1247.507249665,7.325440406799316,7.316518783569336,compiled,2567.654784622
4,100,100,0,0.0009908717827105773,0.39975294812180967,0.08937672283581244,0.1655667884575373,0.5717685051020119,0.4221293231194565,0.05025203554258853,0.29176086764447595,0.5226325718695675,0.39975294812180967,0.08937672283581244,0.1655667884575373,0.5717685051020119,0.5741410348195647,0.05033923920602631,0.30191714613823073,0.6414936577013013,0.38939915700789257,0.049895695029251064,0.2497782813527909,0.4907327653620698,0.39975294812180967,0.08937672283581244,0.1655667884575373,0.5717685051020119,0.39975294812180967,0.08937672283581244,0.16556678845753733,0.5717685051020119,0.3135793319921034,0.05450452439650956,0.16836744303497003,0.40853544152879273,0.39975294812180967,0.08937672283581244,0.1655667884575373,0.5717685051020119,0.38797639049058275,0.09973580771858902,0.12175646492456407,0.5598643811629956,0.17427865534392217,0.047015538132915376,0.12206513445772145,0.5617389640069647,1.146354713289914,168200,5,168200,36,1290.3387866459998,1250.1407403400008,7.061902046203613,7.316518783569336,compiled,2543.3775746640003
5,100,100,0,0.0009838109572043196,0.39369347673427013,0.08598638019607156,0.15038271710138781,0.5560573619853953,0.41470621238380223,0.04558069901478203,0.30211460544584656,0.49369060502464046,0.39369347673427013,0.08598638019607156,0.15038271710138781,0.5560573619853953,0.570363158033909,0.046656122157948496,0.31425653658595676,0.6287004854180879,0.3854145326249581,0.0479023590071817,0.24166614307222747,0.4818580846791896,0.39369347673427013,0.08598638019607156,0.15038271710138781,0.5560573619853953,0.39369347673427013,0.08598638019607156,0.15038271710138781,0.5560573619853952,0.30792083259645747,0.051192165254856085,0.14903146580893922,0.4091323102929909,0.39369347673427013,0.08598638019607156,0.15038271710138781,0.5560573619853953,0.3804268256730053,0.09719414581693318,0.10128820302217713,0.5469590356090221,0.10669612923656961,0.03808968246815283,0.10454316175599279,0.4779441440822736,1.1501208963037772,168200,2,168200,52,1290.1144819459987,1247.2449854309998,7.061902046203613,7.316518783569336,compiled,2540.4912890839987
6,100,100,0,0.000974782594770281,0.38943170104326197,0.08450001292051251,0.1763673920624963,0.5425054289227655,0.4095253951644796,0.045128638844029255,0.2749082654939359,0.5121052933157384,0.38943170104326197,0.08450001292051251,0.1763673920624963,0.5425054289227655,0.5665231318401035,0.0474582003923283,0.3068274089078699,0.6393291157142276,0.38220390904516116,0.04741151865453976,0.24381628589731025,0.4772612870859442,0.38943170104326197,0.08450001292051251,0.1763673920624963,0.5425054289227655,0.38943170104326197,0.08450001292051249,0.1763673920624963,0.5425054289227655,0.30389984552210786,0.05125452952347549,0.15162778390488485,0.4017919871699853,0.38943170104326197,0.08450001292051251,0.1763673920624963,0.5425054289227655,0.37655829161755733,0.09575864796804985,0.14177752403874408,0.5328734181103447,0.07021919860035501,0.032254581321238436,0.08869752001618361,0.41482318064670876,1.1316919214414967,168200,3,168200,51,1293.1090755349996,1250.7424986439983,7.061902046203613,7.316518783569336,compiled,2546.8426293759985
7,100,100,0,0.0009638237948862808,0.38651155994191433,0.08563233860515586,0.16652670582101137,0.5423190209623464,0.40745251131035964,0.047231896843294034,0.2855560608046835,0.5126891861611234,0.38651155994191433,0.08563233860515586,0.16652670582101137,0.5423190209623464,0.564982051664043,0.048956538852214,0.30931686774560824,0.6417031873363208,0.3794917952160738,0.04837776181123105,0.24198908784464992,0.4805792508351434,0.38651155994191433,0.08563233860515586,0.16652670582101137,0.5423190209623464,0.38651155994191433,0.08563233860515587,0.16652670582101137,0.5423190209623464,0.30221627456100203,0.05155138783882978,0.15047005442135014,0.4061888437103031,0.38651155994191433,0.08563233860515586,0.16652670582101137,0.5423190209623464,0.3739956931134133,0.09623244691691386,0.12769973805343954,0.532648633381638,0.05081419452878748,0.028033344530832945,0.07477266917181852,0.36911853299181013,1.0684178984031298,168200,3,168200,45,1293.3168707449986,1248.9476030760015,7.061147212982178,7.316518783569336,compiled,2545.0787213689982
8,100,100,0,0.0009509795896116975,0.3843474490126372,0.08446182324922179,0.14773908795584342,0.5333982013211548,0.3994358005523096,0.04447210062718867,0.2710587789162551,0.5037807437956144,0.3843474490126372,0.08446182324922179,0.14773908795584342,0.5333982013211548,0.5588327314381019,0.04905105994191177,0.29519946768930977,0.6326621557351757,0.37804360772615814,0.04780760098124425,0.2485732409455162,0.48758073367706134,0.3843474490126372,0.08446182324922179,0.14773908795584342,0.5333982013211548,0.3843474490126372,0.08446182324922179,0.14773908795584342,0.5333982013211548,0.29817670374067384,0.050646822910800436,0.15266123774969603,0.390469103222364,0.3843474490126372,0.08446182324922179,0.14773908795584342,0.5333982013211548,0.3701024396555782,0.0956715999428549,0.1030498600602987,0.5301728464594426,0.040078164904761196,0.024790552933932307,0.06337108704566068,0.3377873536725129,0.9828697501902812,168200,2,168200,49,1283.582877361001,1248.151837827998,7.061902046203613,7.316518783569336,compiled,2534.805171655
9,100,100,0,0.0009363027585410778,0.38175378482035177,0.08408484259590657,0.1547346832082204,0.5401534919944472,0.39777694660863433,0.045518071926961744,0.2806015589006706,0.4811789791702943,0.38175378482035177,0.08408484259590657,0.1547346832082204,0.5401534919944472,0.5589068092974839,0.04927579582644098,0.29932285383608404,0.619281118982135,0.3760642557399199,0.04657955948296636,0.2434696342817141,0.4685808434250567,0.38175378482035177,0.08408484259590657,0.1547346832082204,0.5401534919944472,0.38175378482035177,0.08408484259590657,0.15473468320822037,0.5401534919944471,0.29714405457833193,0.050047111742951754,0.1466903602443622,0.3921930412262106,0.38175378482035177,0.08408484259590657,0.1547346832082204,0.5401534919944472,0.36842834293601856,0.09584358011496749,0.11015486676726613,0.538402068679219,0.032964703792689495,0.022260093104808074,0.05391344662876995,0.3124136586096274,0.8915630142353653,168200,2,168200,43,1283.2966979600023,1250.0429609999992,7.061147212982178,7.316518783569336,compiled,2536.287430252003
10,100,100,0,0.0009198536119214611,0.38043431475049166,0.08422596074962035,0.15437868674941407,0.5187533749272744,0.39549186246748036,0.04479483216456696,0.2654731954670131,0.4871587846116745,0.38043431475049166,0.08422596074962035,0.15437868674941407,0.5187533749272744,0.557969202603413,0.04884332526352912,0.296834986030324,0.6303922563423463,0.37502315773960004,0.04747536532705408,0.24269669233478075,0.474864793273359,0.38043431475049166,0.08422596074962035,0.15437868674941407,0.5187533749272744,0.3804343147504916,0.08422596074962035,0.15437868674941407,0.5187533749272744,0.2955792418537837,0.050600708477410515,0.15392285584895776,0.38893500502659817,0.38043431475049166,0.08422596074962035,0.15437868674941407,0.5187533749272744,0.3671546830897091,0.096030317266801,0.10945236301975911,0.5221028711684145,0.027846349630053967,0.020130031178168823,0.04674793694008672,0.29170287282303503,0.8136476096151735,168200,2,168200,48,1279.642715457001,1248.2356593269978,7.061902046203613,7.316518783569336,compiled,2530.8650750499983
11,100,100,0,0.0009016997428246386,0.38046195442334657,0.08268402528849389,0.15781301646086368,0.5300210206105316,0.3942135855877562,0.04513879966245586,0.2504562481533481,0.48276417460492055,0.38046195442334657,0.08268402528849389,0.15781301646086368,0.5300210206105316,0.5561058818069116,0.04850081547958942,0.2844500017835186,0.6237076213668479,0.37454457877557723,0.04755393709302277,0.24789908716095185,0.47210282385786806,0.38046195442334657,0.08268402528849389,0.15781301646086368,0.5300210206105316,0.38046195442334657,0.08268402528849388,0.15781301646086368,0.5300210206105316,0.2948043421622162,0.048894467910309124,0.1602725276779205,0.3871030176143369,0.38046195442334657,0.08268402528849389,0.15781301646086368,0.5300210206105316,0.3668571584716785,0.09487990846046394,0.11600222619838507,0.5223070230888733,0.024285967847230413,0.01832772374262987,0.04071241292803801,0.2756881368386028,0.7371389934998384,168200,4,168200,40,1281.3253033030014,1248.843459025,7.061902046203613,7.316518783569336,compiled,2532.9689281810024
12,100,100,0,0.0008819157493927215,0.3789784072489838,0.08282655232487078,0.1540157209002631,0.5313794941765169,0.39553053502715213,0.04336374378913476,0.2831802095346041,0.4811114469059907,0.3789784072489838,0.08282655232487078,0.1540157209002631,0.5313794941765169,0.55789084603598,0.0467174153896261,0.30023382388595754,0.6282608972747382,0.3732725478395514,0.04654415192311945,0.23297387430525698,0.4639901896525621,0.3789784072489838,0.08282655232487078,0.1540157209002631,0.5313794941765169,0.3789784072489838,0.08282655232487078,0.1540157209002631,0.5313794941765169,0.29448721419691476,0.0499778904666063,0.14224113793975138,0.3943976667850011,0.3789784072489838,0.08282655232487078,0.1540157209002631,0.5313794941765169,0.3664461896369137,0.09443029190780773,0.10632319279727073,0.5257340739663929,0.02125401100663504,0.016802405240913525,0.03600059068552848,0.25957018698512874,0.6687605141762422,168200,3,168200,42,1279.9045540000006,1249.336548987998,7.061147212982178,7.316518783569336,compiled,2532.3471821879975
13,100,100,0,0.0008605829282983752,0.3766963937493674,0.0822233525577001,0.1425271920056818,0.5238029305450073,0.39529327917063883,0.044081658403445544,0.2758459554090097,0.48457049950936437,0.3766963937493674,0.0822233525577001,0.1425271920056818,0.5238029305450073,0.5569853611062381,0.04741757529756047,0.2917906426200126,0.6280694665301683,0.37170889318354655,0.04796120866855247,0.24205782927051184,0.47052301334992197,0.3766963937493674,0.0822233525577001,0.1425271920056818,0.5238029305450073,0.3766963937493676,0.08222335255770008,0.1425271920056818,0.5238029305450073,0.29284713417286024,0.05009674877704419,0.14377380500873702,0.3898417618388379,0.3766963937493674,0.0822233525577001,0.1425271920056818,0.5238029305450073,0.36340955083344517,0.09367822472557626,0.09385366674554974,0.5287712748730427,0.01901526356715364,0.01535001425390373,0.032449461680583686,0.24678925558801246,0.6220554892926298,168200,2,168200,38,1280.3037283610029,1247.9931376919994,7.061147212982178,7.316518783569336,compiled,2531.2890810019962
14,100,100,0,0.0008377889406793518,0.3755974398362732,0.08160676058976409,0.14180776507170156,0.5260177098713422,0.39199548756852187,0.043172049922109074,0.2817000089128809,0.49023958312049837,0.3755974398362732,0.08160676058976409,0.14180776507170156,0.5260177098713422,0.5546040164511055,0.0489690877573237,0.29101014671339676,0.6213093066322068,0.37131830261264265,0.04754798965396723,0.2328365696655377,0.47223658519338074,0.3755974398362732,0.08160676058976409,0.14180776507170156,0.5260177098713422,0.3755974398362732,0.0816067605897641,0.14180776507170156,0.5260177098713423,0.29169012857362,0.04943878573763092,0.13717725551245635,0.3787146240138371,0.3755974398362732,0.08160676058976409,0.14180776507170156,0.5260177098713422,0.3630663937637958,0.0929956077847117,0.09203283697307416,0.5224552058715264,0.017165560797165535,0.014016009351121855,0.02962596462072755,0.2347145000182599,0.5824446319982247,168200,3,168200,31,1643.468474713,1394.2060567969997,7.1761322021484375,7.3360676765441895,compiled,3040.835413659
15,100,100,0,0.0008136274519200731,0.37542138467289815,0.08095182270276115,0.1513990400640515,0.5301894940064636,0.3914339792039953,0.043649926107138366,0.24931364715060264,0.4722413939364432,0.37542138467289815,0.08095182270276115,0.1513990400640515,0.5301894940064636,0.5564671793438926,0.0454314463237052,0.28073303181688536,0.6142695052999625,0.37088235927856217,0.04728056627033229,0.23411695184367437,0.47069262892359753,0.37542138467289815,0.08095182270276115,0.1513990400640515,0.5301894940064636,0.37542138467289815,0.08095182270276115,0.15139904006405147,0.5301894940064638,0.2914064863507747,0.04894106221822595,0.1391535275740606,0.38054730614344545,0.37542138467289815,0.08095182270276115,0.1513990400640515,0.5301894940064636,0.3626604724213015,0.09283461123328503,0.09901041557561392,0.5230498028102984,0.015589322320740942,0.01284210004739764,0.02704294988588897,0.22379457824507173,0.5450032083127779,168200,2,168200,28,1461.1349739369998,1345.898546896,7.309547424316406,7.316518783569336,compiled,2810.6488815860002
16,100,100,0,0.000788197746760474,0.37368549352994324,0.08120594390136146,0.15041644895065606,0.5189793690248513,0.39237099896500127,0.045167647754769565,0.254181940169098,0.48159660912120494,0.37368549352994324,0.08120594390136146,0.15041644895065606,0.5189793690248513,0.5543517492560679,0.048082820228946596,0.2862268376519493,0.6251935252801765,0.36987028863252247,0.04682329136401822,0.23959448125266403,0.47275316696643405,0.37368549352994324,0.08120594390136146,0.15041644895065606,0.5189793690248513,0.37368549352994324,0.08120594390136146,0.15041644895065606,0.5189793690248512,0.2905854647647392,0.0484787628672558,0.14160171020117485,0.3830641670431658,0.37368549352994324,0.08120594390136146,0.15041644895065606,0.5189793690248513,0.3601526971842507,0.09360926324119662,0.10163453404982631,0.5185453058104393,0.014134090433630038,0.011779351237507039,0.025035231349816455,0.2128786136212595,0.5165687640543826,168200,2,168200,26,1482.114319625999,1364.6231413139994,7.307976245880127,7.316714286804199,compiled,2849.972582632
17,100,100,0,0.00076160432131371,0.3737214072630154,0.08119404562872996,0.15698115002932256,0.504720461005657,0.3930510130348284,0.042724933497145255,0.2737872290703141,0.4863123006166056,0.3737214072630154,0.08119404562872996,0.15698115002932256,0.504720461005657,0.5543463004282334,0.04533923373539165,0.304892397489714,0.624192080052238,0.36896886565671716,0.047995080583487296,0.23468203593102396,0.4692053631782711,0.3737214072630154,0.08119404562872996,0.15698115002932256,0.504720461005657,0.3737214072630154,0.08119404562872995,0.15698115002932256,0.5047204610056569,0.2897455359299856,0.04934550753503276,0.14317476756307487,0.3866018368500444,0.3737214072630154,0.08119404562872996,0.15698115002932256,0.504720461005657,0.3600317599595045,0.09295268699825039,0.11505433284533875,0.5130004144514023,0.012985384776777204,0.010840599405769211,0.023194810206053126,0.20347297054332406,0.4938262846571408,168200,3,168200,29,1308.8132276600008,1338.0999801529997,7.1306538581848145,7.316714286804199,compiled,2649.7748234810006
18,100,100,0,0.0007339564536692134,0.37258503515778657,0.07946802974143623,0.15684157637201973,0.5240583819324409,0.39267853798645447,0.042989109708558765,0.2748325549872618,0.4720938105127535,0.37258503515778657,0.07946802974143623,0.15684157637201973,0.5240583819324409,0.5542053389329527,0.04698597754998396,0.29159038963364603,0.6225739425275312,0.36861922350630705,0.04589708240572741,0.23786493178229007,0.46812153963944014,0.37258503515778657,0.07946802974143623,0.15684157637201973,0.5240583819324409,0.37258503515778657,0.07946802974143623,0.15684157637201973,0.5240583819324409,0.28954799212518106,0.04792150832557242,0.14350453708227034,0.38870154140346136,0.37258503515778657,0.07946802974143623,0.15684157637201973,0.5240583819324409,0.359896003902865,0.09123256903307693,0.11249396050699825,0.5212063497539212,0.011943480863280334,0.010017682933873267,0.02161295539701307,0.19403003881908665,0.4699030204471176,168200,2,168200,33,1309.1653855899986,1339.3498576260008,7.102214813232422,7.316518783569336,compiled,2651.5940126719997
19,100,100,0,0.000705367754845585,0.37168047148018607,0.08124698733284239,0.1465384013872618,0.5159266831286764,0.3904480540226001,0.04333408002943378,0.25300838919102003,0.4686643047010769,0.37168047148018607,0.08124698733284239,0.1465384013872618,0.5159266831286764,0.5548341410617104,0.04669190429535311,0.28772903503381336,0.6147886560666682,0.3684442987984909,0.04680212730054457,0.23954268373437843,0.46436027221323345,0.37168047148018607,0.08124698733284239,0.1465384013872618,0.5159266831286764,0.371680471480186,0.08124698733284239,0.1465384013872618,0.5159266831286764,0.28820925068056114,0.04945037747898547,0.14586148894242873,0.37491597550270944,0.37168047148018607,0.08124698733284239,0.1465384013872618,0.5159266831286764,0.3587974812432658,0.09372755586693667,0.0966574949487444,0.5128637718181734,0.01099387568682773,0.009187213488940133,0.020182095473238272,0.18548750115434498,0.452941381541198,168200,3,168200,25,1299.8594211,1346.4173714110002,7.061147212982178,7.316518783569336,compiled,2649.1276738340002
20,100,100,0,0.0006759557019385474,0.3725008997482935,0.08122186955142763,0.14324225145504607,0.5339336363500355,0.3906416285382658,0.042240255608941735,0.27460266024571856,0.4728300544173545,0.3725008997482935,0.08122186955142763,0.14324225145504607,0.5339336363500355,0.5531983599554648,0.04630878019445477,0.3007408490369835,0.6119878490865526,0.3690338842017004,0.04764478726848052,0.23128654173516822,0.461746756581948,0.3725008997482935,0.08122186955142763,0.14324225145504607,0.5339336363500355,0.3725008997482935,0.08122186955142763,0.1432422514550461,0.5339336363500354,0.28938653026467626,0.04962104025330672,0.13789474005537286,0.3878409144597934,0.3725008997482935,0.08122186955142763,0.14324225145504607,0.5339336363500355,0.3586822270259672,0.0932374044149942,0.0941013250740421,0.5248305677890196,0.010155525690650414,0.008480139129395983,0.018957869642086823,0.1766666131034764,0.43454805754789855,168200,1,168200,22,1318.829651827,1338.429703466998,7.061147212982178,7.316518783569336,compiled,2660.3635052169993
21,100,100,0,0.000645841155382361,0.37116140801385106,0.08048962510230379,0.1507717020078256,0.519857047582258,0.39154920207180166,0.042578038878814485,0.27542523647278405,0.49082222784165414,0.37116140801385106,0.08048962510230379,0.1507717020078256,0.519857047582258,0.5537905046126185,0.0453751895472563,0.29150247531617135,0.6128968628556493,0.368169987658777,0.047492699039910644,0.2481585879007487,0.4674616089965355,0.37116140801385106,0.08048962510230379,0.1507717020078256,0.519857047582258,0.371161408013851,0.0804896251023038,0.1507717020078256,0.519857047582258,0.2891346102449546,0.04944459934033839,0.15457196031361353,0.38422496203048595,0.37116140801385106,0.08048962510230379,0.1507717020078256,0.519857047582258,0.3581282706987892,0.09268835410340191,0.10572700510812703,0.5162752658231392,0.009453248422004113,0.007790152179117548,0.0179298252747883,0.1690062832506512,0.42231719245576665,168200,2,168200,30,1329.6237778560026,1339.4587461089977,7.061147212982178,7.316518783569336,compiled,2672.391762274001
22,100,100,0,0.0006151478623083757,0.37026535535573957,0.07885668003715912,0.1505667090064874,0.5178783912008008,0.39192149484532895,0.04302448029293589,0.2649420571312612,0.47904998136514926,0.37026535535573957,0.07885668003715912,0.1505667090064874,0.5178783912008008,0.5546761857337641,0.04714849641756465,0.28832943494608987,0.6254723969745807,0.3676927486104238,0.04701989218417811,0.23470422511559136,0.4676336719416848,0.37026535535573957,0.07885668003715912,0.1505667090064874,0.5178783912008008,0.37026535535573957,0.07885668003715912,0.1505667090064874,0.5178783912008009,0.28782501804209226,0.049438776799978996,0.14193120610497978,0.38732326640540393,0.37026535535573957,0.07885668003715912,0.1505667090064874,0.5178783912008008,0.3575729422719299,0.09187846473445314,0.10199350553744423,0.5178501149969839,0.008783808550958429,0.007190172448610843,0.016802952225256074,0.1616654016798174,0.4041902948001297,168200,3,168200,27,1455.566439279999,1340.8465041910022,7.061147212982178,7.316518783569336,compiled,2799.7484385299977
23,100,100,0,0.0005840019480415229,0.36879239422068416,0.08088627056722206,0.14638265874435932,0.5156650986777394,0.3897957266491726,0.042256617453468086,0.2616231917362716,0.47361660668546596,0.36879239422068416,0.08088627056722206,0.14638265874435932,0.5156650986777394,0.5537126720122271,0.045162936847621564,0.28572401677191434,0.623656099450073,0.3679745057759476,0.04720875049274538,0.24275873022492572,0.46164130014416194,0.36879239422068416,0.08088627056722206,0.14638265874435932,0.5156650986777394,0.36879239422068416,0.08088627056722206,0.14638265874435935,0.5156650986777394,0.2872035849908712,0.047942508252325454,0.1435535646192933,0.3799109622275352,0.36879239422068416,0.08088627056722206,0.14638265874435932,0.5156650986777394,0.3558738198242937,0.09237760802877713,0.09588587760455987,0.5095840005910248,0.008169487109402964,0.0066622054714140615,0.01590562438638415,0.15445219942744726,0.3939148076929427,168200,5,168200,33,1498.315672443001,1343.006887552001,7.061147212982178,7.316518783569336,compiled,2844.8679812770024
24,100,100,0,0.0005525313978243026,0.36959206392733684,0.08143118504488503,0.14975240543861487,0.5149037624764864,0.39356797752055706,0.04399246741002789,0.25914460968789965,0.4975407955679056,0.36959206392733684,0.08143118504488503,0.14975240543861487,0.5149037624764864,0.555002526679017,0.047503113280848906,0.2861254821599745,0.6332283486117523,0.3670741507107935,0.046846479138835204,0.23549492344580505,0.46660278857018594,0.36959206392733684,0.08143118504488503,0.14975240543861487,0.5149037624764864,0.36959206392733684,0.08143118504488504,0.14975240543861487,0.5149037624764865,0.2873161841020314,0.049110147832740834,0.14357084416725097,0.3875751417911665,0.36959206392733684,0.08143118504488503,0.14975240543861487,0.5149037624764864,0.3560544168339753,0.09394608614017494,0.10226859576151723,0.5218782021360282,0.007600517951686726,0.00600063026898822,0.015127987328318448,0.14696133639477893,0.38431200325560316,168200,3,168200,36,1471.2853349290017,1342.8723830039999,7.061147212982178,7.316518783569336,compiled,2817.319927236
25,100,100,0,0.0005208655308979695,0.3701212218586471,0.08027925050418104,0.15349719825861882,0.504948034831712,0.3916846917472555,0.04329657004627838,0.2602242533402084,0.4695119598841766,0.3701212218586471,0.08027925050418104,0.15349719825861882,0.504948034831712,0.5539681359808006,0.04607579204234409,0.2914459176456323,0.6173749601449541,0.3688078464036268,0.046609804512765,0.23194015430896245,0.4610918300082729,0.3701212218586471,0.08027925050418104,0.15349719825861882,0.504948034831712,0.3701212218586471,0.08027925050418104,0.15349719825861885,0.504948034831712,0.28829147034720193,0.048376383791560736,0.1363822861232099,0.3854109640771919,0.3701212218586471,0.08027925050418104,0.15349719825861882,0.504948034831712,0.35684401234829766,0.09277088145921386,0.11216932421691878,0.5105915092307656,0.007062054749476947,0.0055278034735563005,0.014254666410362864,0.13945166767676256,0.3723136792436098,168200,3,168200,35,1326.7234720979977,1346.2624666800002,7.061147212982178,7.316518783569336,compiled,2676.0989408410023
26,100,100,0,0.0004891344691020307,0.36933003436467,0.07835325876403942,0.15289829531499927,0.518457408150637,0.3913560991583714,0.0426661691984763,0.2542111009549576,0.486808718344319,0.36933003436467,0.07835325876403942,0.15289829531499927,0.518457408150637,0.5531624624551148,0.04566746839083663,0.3010585743773323,0.6269487915018948,0.36850643485339485,0.046152563693459873,0.23783314104469905,0.4666290994458868,0.36933003436467,0.07835325876403942,0.15289829531499927,0.518457408150637,0.3693300343646699,0.07835325876403942,0.15289829531499927,0.5184574081506369,0.28828372687054016,0.048870189480396356,0.14359110708014117,0.39664627668756514,0.36933003436467,0.07835325876403942,0.15289829531499927,0.518457408150637,0.3564629013633771,0.09068537686653352,0.10922641319035199,0.5224521145928989,0.006584344179413235,0.005063501418673172,0.01354573407724506,0.13258138717953882,0.3628321112189463,168200,1,168200,37,1540.4539813159997,1308.101415049,7.1761322021484375,7.3360676765441895,compiled,2851.4625513420006
27,100,100,0,0.00045746860217569754,0.36818335778350336,0.08040894616653331,0.15299038419275363,0.5146642942242432,0.3930713966373196,0.04208483831333399,0.2649080224926555,0.46796279107459426,0.36818335778350336,0.08040894616653331,0.15299038419275363,0.5146642942242432,0.5544810862666921,0.045930204311759704,0.29806489982999046,0.6192531753498655,0.3677984120448432,0.047029530670321465,0.2322155739543424,0.45884262048170005,0.36818335778350336,0.08040894616653331,0.15299038419275363,0.5146642942242432,0.36818335778350336,0.08040894616653331,0.15299038419275363,0.5146642942242432,0.28739421789626063,0.0492604517343992,0.1422155355819371,0.3784837753878044,0.36818335778350336,0.08040894616653331,0.15299038419275363,0.5146642942242432,0.3553474694331677,0.09291109325434867,0.10928429598540076,0.5196135453839101,0.006129526324425653,0.004599472172875423,0.012804835055152196,0.12532409962822064,0.35125945380414353,168200,1,168200,31,1446.104264945,1289.6130002529999,7.309547424316406,7.316518783569336,compiled,2738.845677591
28,100,100,0,0.0004259980519584773,0.36970186434908725,0.08061149201755025,0.15215833191080333,0.5034293582130037,0.3927773699459919,0.04307157717838985,0.2626406823405179,0.4794537407941296,0.36970186434908725,0.08061149201755025,0.15215833191080333,0.5034293582130037,0.5552057535027168,0.0469019360547504,0.2888929996809832,0.6225900524042852,0.36831730393522916,0.0472174451314763,0.23549906431908843,0.46617281493418206,0.36970186434908725,0.08061149201755025,0.15215833191080333,0.5034293582130037,0.36970186434908725,0.08061149201755025,0.15215833191080333,0.5034293582130037,0.28809327674474217,0.04895356737389834,0.14307676774169165,0.38772179782654015,0.36970186434908725,0.08061149201755025,0.15215833191080333,0.5034293582130037,0.35662107459726206,0.09276131181742885,0.10775140842542688,0.5189439100033735,0.005689475741334137,0.004153706657685999,0.012200014877734356,0.1173220463493542,0.3440220141562439,168200,4,168200,30,1282.2737172470006,1288.3731948280001,7.102214813232422,7.316518783569336,compiled,2573.8198533060004
29,100,100,0,0.00039485213769162444,0.3701434235485293,0.08020408941843216,0.15400531327734837,0.5233204628827461,0.3918797096446454,0.04221020237224721,0.26310237924195007,0.47473472779625414,0.3701434235485293,0.08020408941843216,0.15400531327734837,0.5233204628827461,0.5537313370694701,0.04561093354771871,0.30316587321526856,0.6280106176274733,0.3686318560975934,0.046363366652061797,0.23667871064901885,0.46339250827230716,0.3701434235485293,0.08020408941843216,0.15400531327734837,0.5233204628827461,0.3701434235485293,0.08020408941843216,0.15400531327734837,0.5233204628827461,0.2883689041380029,0.04838160136966035,0.14637811104977932,0.3836919821553454,0.3701434235485293,0.08020408941843216,0.15400531327734837,0.5233204628827461,0.3569497160687366,0.09264411622397933,0.10828707105242152,0.5175492822627857,0.005315776141289735,0.0038278254356886613,0.011677181381274477,0.11085606635919952,0.33612698585468226,168200,4,168200,44,1292.1294230629992,1288.2536446630002,7.311860084533691,7.316518783569336,compiled,2583.2765613480005
30,100,100,0,0.00036415884461763896,0.3693711286778983,0.0791315468923892,0.15215089789443567,0.5080987568187354,0.39224307015475446,0.04142835581912381,0.26038836688790834,0.4776003753912583,0.3693711286778983,0.0791315468923892,0.15215089789443567,0.5080987568187354,0.5546232910884933,0.04498578500238814,0.29808098187347615,0.6262036835088253,0.36954043627334765,0.047792556442247634,0.24045418883357395,0.46340004774969273,0.3693711286778983,0.0791315468923892,0.15215089789443567,0.5080987568187354,0.3693711286778983,0.0791315468923892,0.15215089789443567,0.5080987568187354,0.28838019257986036,0.04821531480881607,0.14469715465021532,0.3890614145253761,0.3693711286778983,0.0791315468923892,0.15215089789443567,0.5080987568187354,0.35591044344798917,0.0910054318174618,0.1054828110887753,0.5128317719831182,0.004956141068009314,0.0034892112032651463,0.011082994625767005,0.10430775471778889,0.3250045613117097,168200,2,168200,39,1341.8950237520003,1280.46746514,7.080223560333252,7.316518783569336,compiled,2625.471827603
31,100,100,0,0.00033404429806145283,0.36918550500620595,0.07837535448091203,0.15194014353041252,0.5142391614132177,0.3935767953884951,0.04216210823893528,0.26858650135222234,0.47417753754538094,0.36918550500620595,0.07837535448091203,0.15194014353041252,0.5142391614132177,0.555505466026434,0.04513030113148063,0.2934086607809745,0.6330207003914979,0.36875955395483173,0.04671426777929506,0.2336565358802557,0.4674551773716331,0.36918550500620595,0.07837535448091203,0.15194014353041252,0.5142391614132177,0.36918550500620595,0.07837535448091203,0.15194014353041252,0.5142391614132177,0.28834359769975776,0.047479551261351914,0.1422852679153443,0.38576025221549964,0.36918550500620595,0.07837535448091203,0.15194014353041252,0.5142391614132177,0.3560493019515262,0.09062033679415762,0.10456334631773243,0.5089303580669771,0.004632051163510497,0.0031161025500430067,0.010558176825845615,0.09731106234916115,0.31840706744448183,168200,4,168200,38,1283.1566584469983,1284.6462167600002,7.307976245880127,7.316714286804199,compiled,2570.6997743309985
32,100,100,0,0.00030463224515441515,0.36968807239022117,0.0797502601436332,0.14633647491767524,0.5040038218278147,0.39391548128566106,0.04084118551158692,0.27149512148290095,0.4656097016218096,0.36968807239022117,0.0797502601436332,0.14633647491767524,0.5040038218278147,0.5555704356044441,0.04483425707193962,0.2978865033594845,0.6143656533363779,0.3691273962302886,0.04770377400841265,0.2361620785539804,0.46245936750994054,0.36968807239022117,0.0797502601436332,0.14633647491767524,0.5040038218278147,0.36968807239022117,0.07975026014363322,0.14633647491767524,0.5040038218278147,0.2887462311298409,0.049444385914730764,0.14049708859588728,0.3845714600329008,0.36968807239022117,0.0797502601436332,0.14633647491767524,0.5040038218278147,0.3564126770287367,0.09233882539237916,0.09801376334427643,0.5104189313001277,0.004342877172868234,0.0028102732841524636,0.010122491393935333,0.09176413106200451,0.31104692875326445,168200,3,168200,29,1278.0083272330012,1276.6069047790006,7.061458587646484,7.316714286804199,compiled,2557.692013888998
33,100,100,0,0.00027604354633078667,0.3682108171814615,0.07768686853537005,0.15146687546340637,0.4996831715149308,0.3940634632387877,0.04360298109772832,0.2591773182362347,0.4849583626071176,0.3682108171814615,0.07768686853537005,0.15146687546340637,0.4996831715149308,0.5552491981257779,0.04634506937831799,0.2952958499214301,0.630769224194015,0.3690687684151328,0.04635361361555541,0.22913287462015758,0.46205860438703533,0.3682108171814615,0.07768686853537005,0.15146687546340637,0.4996831715149308,0.3682108171814615,0.07768686853537005,0.1514668754634064,0.4996831715149308,0.28797704923330886,0.04853595446009191,0.13525792116638893,0.38457871508906066,0.3682108171814615,0.07768686853537005,0.15146687546340637,0.4996831715149308,0.3547802924408533,0.0905057874794915,0.10660586819683229,0.508669750014628,0.004050492920519272,0.0025712305503893247,0.009639631705036796,0.08514284958213585,0.30106070453432776,168200,6,168200,38,1274.9602026619978,1289.4381839749985,7.061458587646484,7.316714286804199,compiled,2567.5426544170004
34,100,100,0,0.0002483956786862901,0.3688644781603933,0.07866480067487923,0.15311471811650273,0.5193743940695877,0.39545495803791925,0.04127906648444885,0.27000318155677716,0.4704757039644772,0.3688644781603933,0.07866480067487923,0.15311471811650273,0.5193743940695877,0.5550713114661932,0.04641310342913206,0.29356115265404614,0.6260482778016925,0.36883128989190084,0.04704625808748713,0.23586522528115716,0.4594424210027849,0.3688644781603933,0.07866480067487923,0.15311471811650273,0.5193743940695877,0.3688644781603932,0.07866480067487923,0.15311471811650273,0.5193743940695879,0.2891860578101727,0.04789260170762519,0.14760861997693664,0.384480267405662,0.3688644781603933,0.07866480067487923,0.15311471811650273,0.5193743940695877,0.35604042330167635,0.09083555658627189,0.10717089511969308,0.5148188116328999,0.0038011998084078722,0.0022993407750336674,0.009296129255713877,0.07937995029233147,0.2964144642200767,168200,2,168200,27,1272.779487538999,1283.0467386170021,7.061458587646484,7.316714286804199,compiled,2558.806940079001
35,100,100,0,0.00022180225323952595,0.3698958931055353,0.07924632061600691,0.146887521380928,0.5164046903811169,0.39436339791947533,0.04085653226066249,0.2604996467546068,0.46543534310686935,0.3698958931055353,0.07924632061600691,0.146887521380928,0.5164046903811169,0.5555841965794777,0.044494827375500236,0.2978779529172486,0.62353380648668,0.36984600555351704,0.04640480877394624,0.24054586635383884,0.46014912485108583,0.3698958931055353,0.07924632061600691,0.146887521380928,0.5164046903811169,0.3698958931055353,0.07924632061600692,0.14688752138092803,0.516404690381117,0.28920517662944545,0.04798431341559442,0.14318629547964407,0.384793618627904,0.3698958931055353,0.07924632061600691,0.146887521380928,0.5164046903811169,0.35609337939651275,0.09171036404287243,0.10085099132660762,0.5101547024236377,0.003569685981196379,0.002081504085832078,0.008995519940108734,0.0735312062412171,0.2915485761068916,168200,3,168200,36,1270.03045699,1286.8431088889993,7.061458587646484,7.316714286804199,compiled,2559.9475782200025
36,100,100,0,0.00019637254807992693,0.36882036006100727,0.07855663240710682,0.15380041320121476,0.5219543694499841,0.39651552704607584,0.041454607862883866,0.2654606933929935,0.46769154018063125,0.36882036006100727,0.07855663240710682,0.15380041320121476,0.5219543694499841,0.5565113567518044,0.045768469342392454,0.2966098282322698,0.6239509172284766,0.3699819680701966,0.04641793982305322,0.23982931354826736,0.46737220554972203,0.36882036006100727,0.07855663240710682,0.15380041320121476,0.5219543694499841,0.36882036006100727,0.07855663240710681,0.15380041320121474,0.5219543694499841,0.28962749265564264,0.047994284935581825,0.14164406712702993,0.3789539115640853,0.36882036006100727,0.07855663240710682,0.15380041320121476,0.5219543694499841,0.3556866982159112,0.09129594924004032,0.10840897665692496,0.5183494498041411,0.003375962286169416,0.0018811316011409943,0.008687044875327548,0.06862056235048977,0.2857365929737764,168200,3,168200,45,1287.4987398629964,1275.4228427439994,7.061458587646484,7.316714286804199,compiled,2566.0622952489975
37,100,100,0,0.00017221105932064813,0.3683493751662781,0.07842440163233459,0.15067877680322986,0.5067369379453847,0.39526902488895466,0.04235922628092551,0.2580061554455124,0.47526976014054495,0.3683493751662781,0.07842440163233459,0.15067877680322986,0.5067369379453847,0.5554784019065478,0.04632174971956178,0.2913610211030701,0.623352492199774,0.3692287042071096,0.04695344416229219,0.23702747210351946,0.4696857408401698,0.3683493751662781,0.07842440163233459,0.15067877680322986,0.5067369379453847,0.3683493751662781,0.0784244016323346,0.15067877680322986,0.5067369379453848,0.2888706731867518,0.048800869087205746,0.13993737931974212,0.38520542867020857,0.3683493751662781,0.07842440163233459,0.15067877680322986,0.5067369379453847,0.3555239360764208,0.09080524872167037,0.10487449519106856,0.5053965779344181,0.003193469557520258,0.0017056332526747184,0.008447540043287986,0.06450176634923122,0.28265665877058527,168200,3,168200,36,1272.1386598440004,1279.2746655869996,7.061458587646484,7.316714286804199,compiled,2554.276021104004
38,100,100,0,0.00014941707170162489,0.36849641257601395,0.07895876177171872,0.15074484662369744,0.5029552538191562,0.3965192442494914,0.041763529058800916,0.26601682462652054,0.4775342048961777,0.36849641257601395,0.07895876177171872,0.15074484662369744,0.5029552538191562,0.55605747146852,0.04612900473281459,0.29369079935472464,0.6248173380837119,0.36971371428928845,0.0469521342470287,0.23722227502891174,0.4629308485418579,0.36849641257601395,0.07895876177171872,0.15074484662369744,0.5029552538191562,0.36849641257601395,0.07895876177171872,0.15074484662369741,0.5029552538191562,0.2894818263638101,0.04892290264685452,0.14428018306554624,0.3819259436902432,0.36849641257601395,0.07895876177171872,0.15074484662369744,0.5029552538191562,0.35527165051534937,0.09162212176134074,0.10260552058256656,0.5117709246944666,0.00299964857703029,0.0015626374496626977,0.008278777216380461,0.059491486277503426,0.2791315938113884,168200,4,168200,48,1287.8750307579976,1285.8159465749995,7.061458587646484,7.316714286804199,compiled,2576.837270463002
39,100,100,0,0.00012808425060727857,0.36918697694144675,0.07804093838807888,0.1500598020154176,0.509050961390228,0.3968460631630803,0.04170956564726334,0.2657737550808155,0.48467757874978523,0.36918697694144675,0.07804093838807888,0.1500598020154176,0.509050961390228,0.5562609224845105,0.04615093066889341,0.29670635080358376,0.6286522533641656,0.37047352165035596,0.04667733935732528,0.23273006001688615,0.4630765120889485,0.36918697694144675,0.07804093838807888,0.1500598020154176,0.509050961390228,0.36918697694144675,0.07804093838807888,0.1500598020154176,0.509050961390228,0.29001033917107566,0.048850655702563126,0.13997081647500287,0.38907734057438215,0.36918697694144675,0.07804093838807888,0.1500598020154176,0.509050961390228,0.35597919018584,0.09098803535852587,0.10221960792232723,0.5079571205121178,0.0028547815734770716,0.001434082053430417,0.008130853942056215,0.05570108976920165,0.2779344704117014,168200,3,168200,43,1294.3127819619986,1291.222845067001,7.061458587646484,7.316714286804199,compiled,2588.4123784010008
40,100,100,0,0.00010830025717536152,0.3687412853581565,0.07796054844104908,0.14839829935724566,0.5055013114998751,0.39673576536395894,0.0414138866202559,0.2668229306961406,0.46907672871558886,0.3687412853581565,0.07796054844104908,0.14839829935724566,0.5055013114998751,0.5560685600382879,0.0466423668924812,0.2922616217783274,0.6192472497267949,0.3705166962164412,0.04647932682984366,0.23427092451608833,0.4587175540851807,0.3687412853581565,0.07796054844104908,0.14839829935724566,0.5055013114998751,0.3687412853581565,0.07796054844104908,0.14839829935724563,0.505501311499875,0.28974746145242153,0.048083831951046346,0.14079222606259778,0.37605096745735633,0.3687412853581565,0.07796054844104908,0.14839829935724566,0.5055013114998751,0.3556326512753689,0.09068592184213371,0.10168473729724892,0.5059112658088383,0.0027309774566760233,0.0013209982526451677,0.00804310142132754,0.05246213924718697,0.2788446049250429,168200,1,168200,37,1628.7901975679997,1477.5056561839997,7.1761322021484375,7.3360676765441895,compiled,3109.412452952
41,100,100,0,9.01463880785389e-05,0.37008892384528586,0.07872498622799422,0.1494585759416831,0.5189790902492375,0.3982495010157805,0.04151087346168119,0.26412633691229215,0.47518889920612023,0.37008892384528586,0.07872498622799422,0.1494585759416831,0.5189790902492375,0.5573115326228366,0.04676502660316344,0.29595660879969876,0.6204927983891667,0.3711045599688794,0.04680520730145974,0.23516089681034943,0.46540700223162434,0.37008892384528586,0.07872498622799422,0.1494585759416831,0.5189790902492375,0.37008892384528586,0.07872498622799422,0.1494585759416831,0.5189790902492375,0.2904971773920333,0.048537108575369727,0.14371753275100185,0.3839207599914727,0.37008892384528586,0.07872498622799422,0.1494585759416831,0.5189790902492375,0.35667533068909707,0.09155296683913917,0.10187373334311779,0.5134636857519579,0.002619434131106996,0.0012215697389090382,0.008043232936820403,0.049562028126473326,0.2815738299450549,168200,2,168200,40,1420.956581759,1452.1446124140002,7.221558570861816,7.316518783569336,compiled,2876.330706611
42,100,100,0,7.369724145892235e-05,0.3698877063950103,0.07896283072501624,0.15132823105814952,0.5093498088482079,0.39788234064929073,0.04132876358962646,0.26489247858662035,0.476142975234579,0.3698877063950103,0.07896283072501624,0.15132823105814952,0.5093498088482079,0.5570151631411426,0.046311697663228193,0.29884994426192857,0.6287773401947024,0.3713447072590233,0.046975425495013275,0.23620908895037734,0.4674568355962472,0.3698877063950103,0.07896283072501624,0.15132823105814952,0.5093498088482079,0.3698877063950103,0.07896283072501624,0.15132823105814952,0.5093498088482079,0.2907241324685173,0.0490718895606962,0.14435950368808773,0.3828967387088254,0.3698877063950103,0.07896283072501624,0.15132823105814952,0.5093498088482079,0.35662689973228384,0.09198333596227375,0.10469607767345071,0.5098001528386347,0.002522764507127378,0.0011426087196762026,0.008112756947596387,0.04758176572075665,0.2894013693381634,168200,3,168200,46,1422.922061967999,1451.9324053259988,7.311860084533691,7.316518783569336,compiled,2877.7719582300006
43,100,100,0,5.902041038830258e-05,0.36999910977654005,0.07869492687186834,0.15164817253757268,0.5194691777782754,0.3984776252700239,0.04223841332464321,0.2613475864314998,0.48005251691559553,0.36999910977654005,0.07869492687186834,0.15164817253757268,0.5194691777782754,0.5571135384668965,0.047745095167527306,0.29285122013794274,0.6268546643622536,0.370919947152337,0.04701535646453624,0.23172870185442174,0.46550649424220414,0.36999910977654005,0.07869492687186834,0.15164817253757268,0.5194691777782754,0.36999910977654005,0.07869492687186834,0.15164817253757268,0.5194691777782754,0.29040656734851367,0.04899147215663296,0.14040547249703939,0.3867470085040646,0.36999910977654005,0.07869492687186834,0.15164817253757268,0.5194691777782754,0.35633949154704625,0.0917203459234581,0.10541024468350968,0.5156563630748688,0.0024348797393895297,0.0010788064788287296,0.008261279732076021,0.0458802631543839,0.298753315930569,168200,3,168200,40,1375.1798779419987,1456.4832817900005,7.307662487030029,7.316714286804199,compiled,2834.836899202999
44,100,100,0,4.617620511371929e-05,0.36988941436027084,0.07871441610279592,0.15273660545900267,0.5113589446967726,0.3984460112449618,0.04190805241090925,0.26557213933764834,0.4791870035088176,0.36988941436027084,0.07871441610279592,0.15273660545900267,0.5113589446967726,0.5572865149559285,0.047456645367933065,0.2980218108807638,0.627785635743278,0.37147854105762684,0.047358480246631224,0.2357775010606137,0.46813549482204,0.36988941436027084,0.07871441610279592,0.15273660545900267,0.5113589446967726,0.36988941436027084,0.07871441610279592,0.15273660545900264,0.5113589446967726,0.2905828478165427,0.049016549321817385,0.14318161207348268,0.3899850467607521,0.36988941436027084,0.07871441610279592,0.15273660545900267,0.5113589446967726,0.35633079158422803,0.09143888924152871,0.1059987079874661,0.5108244682373309,0.0023820650454569074,0.0010182071360252227,0.008467652636914534,0.04442846329190316,0.3095181727599989,168200,1,168200,45,1407.450951802999,1449.002717534,7.244684219360352,7.316714286804199,compiled,2859.6936342520003
45,100,100,0,3.521740522971908e-05,0.3690478874244599,0.0784758652646577,0.15061493718767258,0.5153784244215615,0.3982844663394469,0.041698065266003614,0.26477423225914987,0.47689244799709096,0.3690478874244599,0.0784758652646577,0.15061493718767258,0.5153784244215615,0.5571662424621493,0.047621961125847476,0.2993346134252405,0.6282830576741003,0.37103574567835784,0.0471432473532105,0.23603694835583372,0.46544685392215723,0.3690478874244599,0.0784758652646577,0.15061493718767258,0.5153784244215615,0.3690478874244599,0.07847586526465772,0.15061493718767258,0.5153784244215616,0.29018151809825377,0.04858478753066959,0.1415914436784929,0.3853913931831728,0.3690478874244599,0.0784758652646577,0.15061493718767258,0.5153784244215615,0.35567091693442593,0.09131741620133348,0.10395686146630365,0.5127164532211448,0.0023198392259501086,0.0009915364061374137,0.008846229511002708,0.04306294060309157,0.327635586899431,168200,4,168200,41,1437.2795390190004,1453.610823187999,7.138582706451416,7.316714286804199,compiled,2893.868515082999
46,100,100,0,2.618904279568042e-05,0.36946804409077943,0.0784662636089441,0.15132191214423701,0.5131314929744364,0.3978911445678972,0.04144532551458771,0.26577944483701943,0.47583724510765624,0.36946804409077943,0.0784662636089441,0.15132191214423701,0.5131314929744364,0.5570841465445651,0.04699500010766109,0.2990417309880621,0.628273200025618,0.37105034989814506,0.0471365117567276,0.23606687237969598,0.466384423113679,0.36946804409077943,0.0784662636089441,0.15132191214423701,0.5131314929744364,0.36946804409077943,0.0784662636089441,0.15132191214423701,0.5131314929744364,0.29003470303768153,0.04860767761171601,0.1443394847270113,0.3867215562667496,0.36946804409077943,0.0784662636089441,0.15132191214423701,0.5131314929744364,0.35587379755182175,0.09128665398918223,0.10408774797069142,0.5101823824165475,0.0022582357734624654,0.0009524337953846016,0.009141987794567742,0.04220732642494531,0.3413214132073664,168200,1,168200,48,1545.4795993879998,1447.1358127910025,7.1683173179626465,7.316714286804199,compiled,2996.192859573999
47,100,100,0,1.9128217289422665e-05,0.3698254669514763,0.07879525914164671,0.14994922102194866,0.5127464109265916,0.398778784122155,0.041501904441985704,0.26285732730242684,0.4757522945301391,0.3698254669514763,0.07879525914164671,0.14994922102194866,0.5127464109265916,0.5573421998988235,0.04742795503330509,0.29924409885331116,0.6288839004972757,0.37110922336239427,0.04698219817226761,0.235547618740155,0.4640711159467569,0.3698254669514763,0.07879525914164671,0.14994922102194866,0.5127464109265916,0.36982546695147633,0.07879525914164671,0.14994922102194866,0.5127464109265916,0.29019002658222,0.048760892532488984,0.1441092835209653,0.3845832078516629,0.3698254669514763,0.07879525914164671,0.14994922102194866,0.5127464109265916,0.3559772682185276,0.09160645576034111,0.10290634275391902,0.5116554857516438,0.0022229655149020562,0.0009193139227787169,0.009731500953049114,0.04138914342609709,0.3676960858640356,168200,5,168200,48,1496.2013868309987,1446.7229752380008,7.061458587646484,7.316714286804199,compiled,2946.4746550009986
48,100,100,0,1.4063943157493203e-05,0.3695807242646201,0.07870617600598867,0.15176934700436553,0.515634619210632,0.3988734120341642,0.04150161127051251,0.26486679676194236,0.48030323242221795,0.3695807242646201,0.07870617600598867,0.15176934700436553,0.515634619210632,0.5572866731524235,0.04757353218077826,0.2998892179998644,0.6289670929299778,0.37084690551827704,0.04682063131911592,0.23397315040870953,0.46373523874050704,0.3695807242646201,0.07870617600598867,0.15176934700436553,0.515634619210632,0.3695807242646201,0.07870617600598867,0.15176934700436553,0.515634619210632,0.2901802358717223,0.048483209649531796,0.14225906010674316,0.3845869111325876,0.3695807242646201,0.07870617600598867,0.15176934700436553,0.515634619210632,0.35588937521687847,0.09145434529482485,0.10525899063437104,0.5124749984429493,0.0022063843126559133,0.0008971392483044709,0.010216690656455234,0.041323440623036216,0.39055519480995876,168200,4,168200,46,1664.4638979250012,1446.8320683429993,7.3086419105529785,7.316714286804199,compiled,3114.400483544003
49,100,100,0,1.1017030588583515e-05,0.3695973104843885,0.07907138525721498,0.1516589518613058,0.5106731566868559,0.39929664061210807,0.041737934857969075,0.2626461239439364,0.4792527818664363,0.3695973104843885,0.07907138525721498,0.1516589518613058,0.5106731566868559,0.5579855808942528,0.0472338542444422,0.30110589183294767,0.6280029638721037,0.370983014387711,0.04700614912106225,0.23376967069658328,0.46375020786873494,0.3695973104843885,0.07907138525721498,0.1516589518613058,0.5106731566868559,0.3695973104843885,0.07907138525721497,0.1516589518613058,0.5106731566868559,0.2903878535308893,0.04887834760881166,0.14061266852673196,0.38864207343164964,0.3695973104843885,0.07907138525721498,0.1516589518613058,0.5106731566868559,0.3561510753750995,0.09199291433075053,0.10467088613580564,0.5115283129796931,0.002208027184488724,0.0009000432070729964,0.010732065637810729,0.04145449694974434,0.41164731584965736,168200,2,168200,55,1376.976034452,1459.7805733120003,7.061458587646484,7.316714286804199,compiled,2839.9669380749983
50,100,100,0,1e-05,0.3692338075275549,0.07888164407251122,0.15029694713754593,0.508145498196647,0.3986974434533643,0.041465815013511285,0.2640870360448847,0.47837326021843174,0.3692338075275549,0.07888164407251122,0.15029694713754593,0.508145498196647,0.5575952722357818,0.047019815910574844,0.3005529133131153,0.6272246588505543,0.37086229348788113,0.04723923192140247,0.23557342537017117,0.4668399164195599,0.3692338075275549,0.07888164407251122,0.15029694713754593,0.508145498196647,0.3692338075275549,0.07888164407251122,0.15029694713754593,0.5081454981966471,0.2899829620402866,0.048933446583020436,0.14239917955785103,0.3854782176069336,0.3692338075275549,0.07888164407251122,0.15029694713754593,0.508145498196647,0.3556140034230541,0.09170623455998037,0.10297326196359663,0.5069679672322822,0.0021874490674993986,0.0008780347073194459,0.010968094597606382,0.04120197797449404,0.41897103522725637,168200,3,168200,52,1368.0461035900007,1456.3147921490017,7.282571792602539,7.336094856262207,compiled,2834.659808954002
