round,evaluated,lr,accuracy,accuracy_std,accuracy_min,accuracy_max,precision_macro,precision_macro_std,precision_macro_min,precision_macro_max,precision_micro,precision_micro_std,precision_micro_min,precision_micro_max,precision_weighted,precision_weighted_std,precision_weighted_min,precision_weighted_max,recall_macro,recall_macro_std,recall_macro_min,recall_macro_max,recall_micro,recall_micro_std,recall_micro_min,recall_micro_max,recall_weighted,recall_weighted_std,recall_weighted_min,recall_weighted_max,f1_macro,f1_macro_std,f1_macro_min,f1_macro_max,f1_micro,f1_micro_std,f1_micro_min,f1_micro_max,f1_weighted,f1_weighted_std,f1_weighted_min,f1_weighted_max,global_accuracy,global_precision_macro,global_precision_micro,global_precision_weighted,global_recall_macro,global_recall_micro,global_recall_weighted,global_f1_macro,global_f1_micro,global_f1_weighted,loss_s_client_mean,loss_r_client_mean,ce_s_client_mean,ce_r_client_mean,kl_s_client_mean,kl_r_client_mean,gnorm_s_client_mean,gnorm_r_client_mean,steps,skipped,train_sec,eval_sec,vram_train_gb,vram_eval_gb,backend,seconds
1,100,0.001,0.4686816180842856,0.09803085997216535,0.1907040784779372,0.6407519024344824,0.48757245865395565,0.06296220013600631,0.2760563143810413,0.6124058090454106,0.4686816180842856,0.09803085997216535,0.1907040784779372,0.6407519024344824,0.6145091718439323,0.060186770177317425,0.3031630578367932,0.6981950678546831,0.4294104922490135,0.058065026263988545,0.26553626589610824,0.5421551490406279,0.4686816180842856,0.09803085997216535,0.1907040784779372,0.6407519024344824,0.4686816180842856,0.09803085997216535,0.1907040784779372,0.6407519024344823,0.3654061468428785,0.06514373358015439,0.16522808181521648,0.48349407921464865,0.4686816180842856,0.09803085997216535,0.1907040784779372,0.6407519024344824,0.4542334410145852,0.10518793473748518,0.14809730971991958,0.628014905453056,0.4950200918231117,0.4594229405936728,0.4950200918231117,0.5943568840492716,0.2930361248806399,0.4950200918231117,0.4950200918231117,0.26494662677484315,0.4950200918231117,0.4647462469014637,0.3515200223820743,0.3515523618787226,0.22672584408184593,0.226795494714919,0.049116837676350375,0.049106660565397225,1.3097771623667018,1.308676105790212,168200,18,1047.360910428,1361.5110570819998,7.04467248916626,7.335452079772949,compiled,2411.470441998
2,100,0.0009989829694114164,0.478898261118524,0.09875874284224459,0.20267423870793821,0.6598181100630284,0.5101908416572138,0.06420597597933815,0.2949761139990328,0.6717510472701609,0.478898261118524,0.09875874284224459,0.20267423870793821,0.6598181100630284,0.6284436835560502,0.05891622142434036,0.3172783465882213,0.7235197841624976,0.4505433271278145,0.05680792893945743,0.2795285476899406,0.5585379695593145,0.478898261118524,0.09875874284224459,0.20267423870793821,0.6598181100630284,0.478898261118524,0.09875874284224459,0.20267423870793824,0.6598181100630285,0.3850324039134934,0.06568805909861927,0.19352516379036233,0.4964788635614583,0.478898261118524,0.09875874284224459,0.20267423870793821,0.6598181100630284,0.4653436419586422,0.10556024933167756,0.1611773054328818,0.6337252627596749,0.7625096607365828,0.6988869228919982,0.7625096607365828,0.7394484183325813,0.6120365570496998,0.7625096607365828,0.7625096607365828,0.6277942817737543,0.7625096607365828,0.7362599925759741,0.27752898396709713,0.2949204875487826,0.1337735334815257,0.15586427167574948,0.047808486304291076,0.04346533521031575,1.0424991388675213,1.3040616077319405,168200,34,991.7520479079999,1360.1035700769999,7.1849141120910645,7.315610885620117,compiled,2354.9600297099996
3,100,0.0009959360568425068,0.48506032564894547,0.09703819282451172,0.22499468700142725,0.6555321208514587,0.5288620572095702,0.05898251690237493,0.38268749220250614,0.662361565088911,0.48506032564894547,0.09703819282451172,0.22499468700142725,0.6555321208514587,0.6368922053585269,0.055668908628577846,0.34984694016529294,0.8020266426794379,0.46336191308496955,0.0575781472122385,0.2961051067661947,0.5825180557512453,0.48506032564894547,0.09703819282451172,0.22499468700142725,0.6555321208514587,0.4850603256489454,0.09703819282451173,0.22499468700142722,0.6555321208514588,0.39793732653938513,0.06652746095791837,0.20128070406293488,0.5207222778431445,0.48506032564894547,0.09703819282451172,0.22499468700142725,0.6555321208514587,0.4710347698120431,0.10409294801089522,0.187564218936001,0.6454112332148929,0.7454881793099616,0.714686882305705,0.7454881793099616,0.7517081890188775,0.6821250820121756,0.7454881793099616,0.7454881793099616,0.6880294707153886,0.7454881793099616,0.7423294658263087,0.2479678399560872,0.26080613118908547,0.11117673698338132,0.1278455058032198,0.03628450478808697,0.033684768803750625,0.9949421718429494,1.1838950905410555,168200,50,925.0907752330004,1359.1655892169993,7.0604071617126465,7.315367221832275,compiled,2287.114433562
4,100,0.0009908717827105773,0.48640312366216754,0.09906073765455621,0.21190245492593257,0.6664359643587237,0.5417046602600429,0.06326756707103555,0.3657665672128246,0.7068797484113069,0.48640312366216754,0.09906073765455621,0.21190245492593257,0.6664359643587237,0.6411989727400793,0.05442605952335032,0.3558782678362459,0.7500305434693136,0.47200117524015184,0.05787711746562576,0.30068177085569614,0.5790038773930473,0.48640312366216754,0.09906073765455621,0.21190245492593257,0.6664359643587237,0.48640312366216754,0.09906073765455622,0.21190245492593257,0.6664359643587237,0.40706326837496604,0.06745643753119546,0.2113674380089328,0.5189293767790077,0.48640312366216754,0.09906073765455621,0.21190245492593257,0.6664359643587237,0.472926391456593,0.10616389442674028,0.17240628530482371,0.645256748573702,0.7342136571615643,0.7216436631811722,0.7342136571615643,0.7560301120974466,0.7047987855577176,0.7342136571615643,0.7342136571615643,0.704318713185891,0.7342136571615643,0.7378321923173357,0.23034698022401653,0.24120611745269538,0.0986475513180154,0.11309457237772007,0.03105298467458319,0.028749750778195495,0.9440851251722846,1.1036226384372594,168200,70,939.202496801,1360.0104152880012,7.061078071594238,7.315610885620117,compiled,2302.560263593
5,100,0.0009838109572043196,0.4889342250312066,0.09834293306212476,0.23487672495895726,0.6643391071170206,0.5485306082365529,0.062273968697148005,0.3561631876257657,0.7070179549747644,0.4889342250312066,0.09834293306212476,0.23487672495895726,0.6643391071170206,0.6431414879460803,0.05746023921463816,0.332491945728579,0.7284247473427672,0.4792072138312074,0.0580303187089888,0.30546354195509906,0.586026652230603,0.4889342250312066,0.09834293306212476,0.23487672495895726,0.6643391071170206,0.4889342250312066,0.09834293306212474,0.23487672495895726,0.6643391071170206,0.4145453698306988,0.06786469104150256,0.22076642555079917,0.5346213624673167,0.4889342250312066,0.09834293306212476,0.23487672495895726,0.6643391071170206,0.4762787780183891,0.10567501813105401,0.17932281032496553,0.6488166844647636,0.7301390727904501,0.7252260190479967,0.7301390727904501,0.7591596245880761,0.7146794482749261,0.7301390727904501,0.73013907279045,0.709833286255969,0.7301390727904501,0.7351116391648398,0.21839389314300114,0.22802713696567864,0.09048967214493196,0.10360760316930398,0.027846200904137353,0.025664393966214602,0.8935191229093975,1.0462781784243815,168200,70,1096.1621125540005,1359.668661280999,7.061388969421387,7.315610885620117,compiled,2459.1414472060005
6,100,0.000974782594770281,0.4934258790933436,0.09522000728537561,0.2343738137516851,0.6661570028945272,0.5544261260088412,0.06393208794191241,0.36319414696188673,0.6811671939616124,0.4934258790933436,0.09522000728537561,0.2343738137516851,0.6661570028945272,0.6466902230968438,0.05766859156660813,0.34082122117649183,0.7501894099335371,0.4872387157840443,0.056290764246788486,0.3239425176176344,0.601269094158688,0.4934258790933436,0.09522000728537561,0.2343738137516851,0.6661570028945272,0.4934258790933436,0.0952200072853756,0.2343738137516851,0.6661570028945272,0.422603094167685,0.06678429571176192,0.2338078466911428,0.5330667931119469,0.4934258790933436,0.09522000728537561,0.2343738137516851,0.6661570028945272,0.4807707878272353,0.10226044478514665,0.18744490341929193,0.6475495305851733,0.7279711277672313,0.7268376309753226,0.7279711277672313,0.760388161281934,0.7208493392002385,0.7279711277672313,0.7279711277672313,0.7139279665906031,0.7279711277672313,0.7333895787484497,0.2092169600034274,0.2180594249140733,0.08458075775634534,0.09687380261080673,0.02564053791418227,0.023467325246277614,0.8443738993731746,0.999402836663053,168200,67,1049.6958473539999,1359.5109693550003,7.0604071617126465,7.315367221832275,compiled,2412.479450762001
7,100,0.0009638237948862808,0.49333160368552514,0.09611319779533953,0.2269463950735517,0.6740431003825452,0.5606624954193364,0.06441447051789449,0.3617055851815708,0.6885590613129857,0.49333160368552514,0.09611319779533953,0.2269463950735517,0.6740431003825452,0.6477557777620748,0.05734919250276587,0.3400182114374771,0.73542632010331,0.49167864424711527,0.05561879207939144,0.3273272598075203,0.5908098130662071,0.49333160368552514,0.09611319779533953,0.2269463950735517,0.6740431003825452,0.49333160368552514,0.09611319779533953,0.2269463950735517,0.6740431003825451,0.4268638395090079,0.06657672594280648,0.23470834548517905,0.5447741371059154,0.49333160368552514,0.09611319779533953,0.2269463950735517,0.6740431003825452,0.48034737990822796,0.10377682848694032,0.19484196304435888,0.6530173622919502,0.7275102187524364,0.7317786239121051,0.7275102187524364,0.7629407076282644,0.7218910028999457,0.7275102187524364,0.7275102187524364,0.715703024425127,0.7275102187524364,0.7330731474391217,0.2017770897386486,0.2100351312594858,0.08007175036271097,0.091743018599953,0.023896931774646676,0.02176650537537371,0.7966139954628098,0.9556194260580289,168200,61,1076.9599468959987,1359.6433313950001,7.061078071594238,7.315610885620117,compiled,2439.744418018001
8,100,0.0009509795896116975,0.49531062154602823,0.09705821711977776,0.22850772436116942,0.6717747032131585,0.564509753003217,0.06369892769695118,0.39489460326477577,0.6961262143908987,0.49531062154602823,0.09705821711977776,0.22850772436116942,0.6717747032131585,0.650499044343301,0.05241337558153623,0.3597718542253586,0.7257442458459528,0.4949144046562268,0.05794885014436199,0.32426942888747157,0.6000939431016445,0.49531062154602823,0.09705821711977776,0.22850772436116942,0.6717747032131585,0.49531062154602823,0.09705821711977777,0.22850772436116945,0.6717747032131585,0.4296674330088466,0.07004262467430941,0.23306169297681817,0.5547957201931957,0.49531062154602823,0.09705821711977776,0.22850772436116942,0.6717747032131585,0.48255235240437905,0.10440681082891236,0.19477538682847817,0.6553825631473537,0.7247470877937818,0.7289462526618408,0.7247470877937818,0.7617017253468072,0.7273448683552817,0.7247470877937818,0.7247470877937818,0.7166538526425352,0.7247470877937818,0.7290734991532986,0.19572341094861023,0.203555635108935,0.07645638248443018,0.0877495925982419,0.022644850089493143,0.0204759046669666,0.7550724548768767,0.9189484104828938,168200,67,1074.4571683290014,1359.9663557989988,7.061388969421387,7.315610885620117,compiled,2437.863531080002
9,100,0.0009363027585410778,0.4973760858658627,0.09547329650584738,0.22860092834137896,0.6820296500167312,0.5709509792695855,0.06304640536522789,0.36646349483213747,0.7205012306543253,0.4973760858658627,0.09547329650584738,0.22860092834137896,0.6820296500167312,0.6529071293779815,0.056682078267748605,0.3445679981468722,0.7847640344222684,0.4989890411566046,0.05641860311840785,0.3352498572908129,0.5976959456880885,0.4973760858658627,0.09547329650584738,0.22860092834137896,0.6820296500167312,0.4973760858658627,0.09547329650584738,0.22860092834137896,0.6820296500167312,0.434495997428532,0.06798243522164042,0.23921351752615694,0.5603282462551032,0.4973760858658627,0.09547329650584738,0.22860092834137896,0.6820296500167312,0.4848712253784283,0.10298532713640796,0.1963819796629398,0.6655113531717594,0.7192211975772912,0.730167208053361,0.7192211975772912,0.7618553318245292,0.7293735814813073,0.7192211975772912,0.7192211975772913,0.7176938117842724,0.7192211975772912,0.7237662274950012,0.19055260960368062,0.19803308993394073,0.0735013841673915,0.08448366036314439,0.021588539246556883,0.019418856352758335,0.7185985977923143,0.8864098424390864,168200,55,1212.1209860179988,1359.991473225,7.0604071617126465,7.315367221832275,compiled,2575.465711719
10,100,0.0009198536119214611,0.5002283664780502,0.09453811900512618,0.23467554189100748,0.6673202406056568,0.5740213511737524,0.062277284962503954,0.37283448349293613,0.7066325160175737,0.5002283664780502,0.09453811900512618,0.23467554189100748,0.6673202406056568,0.6533565355781537,0.0569389204466582,0.34461201544089665,0.7344350756806394,0.5039924290560869,0.0560658846880188,0.3298150799298181,0.6033159674821293,0.5002283664780502,0.09453811900512618,0.23467554189100748,0.6673202406056568,0.5002283664780502,0.09453811900512618,0.23467554189100748,0.6673202406056566,0.43998142558439185,0.0688963800446025,0.2346182623052051,0.576410215517374,0.5002283664780502,0.09453811900512618,0.23467554189100748,0.6673202406056568,0.487841010825011,0.10293178344966858,0.1978853399521256,0.6563304799250409,0.7219731775113942,0.7326248343113743,0.7219731775113942,0.7632690539480491,0.7316601378364893,0.7219731775113942,0.7219731775113942,0.7204475690266567,0.7219731775113942,0.726607082292081,0.18594650121656145,0.1931664625768029,0.07097991632214821,0.08171069276035263,0.020647934071621736,0.018495370958313488,0.6848122624822638,0.8581383527125801,168200,62,1109.1775684720014,1359.9611576380012,7.061078071594238,7.315610885620117,compiled,2472.4369647519998
11,100,0.0009016997428246386,0.49778726038190585,0.096390740754809,0.2302357614658319,0.6641178522048782,0.5745980754912025,0.06156685661507519,0.42978442783912585,0.6987979534922751,0.49778726038190585,0.096390740754809,0.2302357614658319,0.6641178522048782,0.6532602417198671,0.05675518588683698,0.36531571437598315,0.7381611050766772,0.5023502407328639,0.058284165632964645,0.336533275213719,0.6099867412218531,0.49778726038190585,0.096390740754809,0.2302357614658319,0.6641178522048782,0.4977872603819058,0.096390740754809,0.2302357614658319,0.6641178522048782,0.43807957318909774,0.06853138964181205,0.24529366891591659,0.5665463896846615,0.49778726038190585,0.096390740754809,0.2302357614658319,0.6641178522048782,0.4854366013875974,0.10377902739113848,0.2011355063978324,0.6633542814998903,0.7235157359076836,0.7310069328118242,0.7235157359076836,0.7620838373852712,0.733999115839772,0.7235157359076836,0.7235157359076836,0.7199115322289067,0.7235157359076836,0.7262856358581328,0.18168440882674297,0.1886267842347446,0.06876640386042071,0.07933190626249369,0.019898257556592965,0.017683296881038226,0.6544819267930505,0.8320248770378456,168200,58,1112.8834560719988,1360.4457499089986,7.061388969421387,7.315610885620117,compiled,2476.6794387590016
12,100,0.0008819157493927215,0.5003966391555403,0.09486530276821718,0.24572955252889905,0.6724495260489327,0.5773680454750171,0.06189368765699754,0.3732564337979333,0.7008767992742284,0.5003966391555403,0.09486530276821718,0.24572955252889905,0.6724495260489327,0.6548096089586335,0.057435627922006155,0.34224560216004296,0.7376888712456019,0.5079390199723125,0.05726130898122325,0.34595531759131726,0.6047886110773336,0.5003966391555403,0.09486530276821718,0.24572955252889905,0.6724495260489327,0.5003966391555403,0.09486530276821718,0.24572955252889905,0.6724495260489327,0.443471248720418,0.06959213470958552,0.24918409763406957,0.5820751780989011,0.5003966391555403,0.09486530276821718,0.24572955252889905,0.6724495260489327,0.4879988682490559,0.10247251162469995,0.20605060764073702,0.6657951448869416,0.7192190602975855,0.7354051006782294,0.7192190602975855,0.7639758204193818,0.7353723291441006,0.7192190602975855,0.7192190602975855,0.7226575302780639,0.7192190602975855,0.723031704169432,0.1779791339249792,0.18474302293664516,0.0668516759935788,0.07729874688271042,0.01926858505869187,0.01700543218756352,0.6296386696985876,0.8111666485798885,168200,52,1130.3430146409992,1360.0934475669965,7.0604071617126465,7.315367221832275,compiled,2493.6024344489997
13,100,0.0008605829282983752,0.5013209076227754,0.09619253505305053,0.240609931306901,0.674724242132232,0.578836166634939,0.06324779579819703,0.37070792826010057,0.7024601546612369,0.5013209076227754,0.09619253505305053,0.240609931306901,0.674724242132232,0.6567114895853717,0.05378246724706435,0.34248720035349417,0.74231786361065,0.5100852178272355,0.05753378603310413,0.3458557293267468,0.6125962109820228,0.5013209076227754,0.09619253505305053,0.240609931306901,0.674724242132232,0.5013209076227754,0.09619253505305053,0.240609931306901,0.674724242132232,0.44641844222268756,0.07060006610763028,0.2520376007441256,0.5832924454501593,0.5013209076227754,0.09619253505305053,0.240609931306901,0.674724242132232,0.48911208077587054,0.10403553799490527,0.20228643087884934,0.6660659123349347,0.722743527457493,0.7354582391626099,0.722743527457493,0.7644847242353159,0.7374269159192681,0.722743527457493,0.7227435274574929,0.723800473562505,0.722743527457493,0.7258424789736053,0.17457868464926032,0.18119178749243045,0.06512235488051546,0.0755017503952319,0.018701969485588117,0.016412723626858427,0.6075036797478005,0.7922107441026108,168200,53,1086.8533680809996,1359.885904425002,7.061078071594238,7.315610885620117,compiled,2450.1235033360026
14,100,0.0008377889406793518,0.5033275149765228,0.09482549031315082,0.23876155606228702,0.675480281596823,0.5838313332317353,0.061729789346040155,0.37826961058994074,0.7094019968103907,0.5033275149765228,0.09482549031315082,0.23876155606228702,0.675480281596823,0.6579971863033943,0.057002132920473375,0.34927273401409487,0.7443015635409609,0.513225090628142,0.05773492818279508,0.3400717292818637,0.617075088869406,0.5033275149765228,0.09482549031315082,0.23876155606228702,0.675480281596823,0.5033275149765228,0.09482549031315085,0.238761556062287,0.675480281596823,0.4491665775715106,0.06986807639924937,0.24813332841898034,0.6063532295465062,0.5033275149765228,0.09482549031315082,0.23876155606228702,0.675480281596823,0.4915373148738709,0.10307257391993173,0.20896112152797613,0.6772455827103723,0.7227101673090431,0.7363608784942086,0.7227101673090431,0.7644573158042742,0.7384563217658808,0.7227101673090431,0.722710167309043,0.7245958489739721,0.7227101673090431,0.7255460727382645,0.17157128592442508,0.17798420130480846,0.06363715981151112,0.07389528280106283,0.018184156393509482,0.01586276559586134,0.5874535033181063,0.7764133566614646,168200,52,1083.2542656869991,1359.6388960719996,7.061388969421387,7.315610885620117,compiled,2446.219800979001
15,100,0.0008136274519200731,0.5033281821794919,0.09762367273182211,0.2424428809675521,0.6717164391098769,0.5806369128473756,0.06243643184986948,0.36455221535746507,0.703513417477198,0.5033281821794919,0.09762367273182211,0.2424428809675521,0.6717164391098769,0.656517973371855,0.058333559589231726,0.33656675029921357,0.7426751120018907,0.5151396583026225,0.05857998230577512,0.3442334923418363,0.6229817833919742,0.5033281821794919,0.09762367273182211,0.2424428809675521,0.6717164391098769,0.5033281821794919,0.09762367273182213,0.24244288096755207,0.6717164391098769,0.45174366877517924,0.06980511101551372,0.25059873081087103,0.5808328489926398,0.5033281821794919,0.09762367273182211,0.2424428809675521,0.6717164391098769,0.49109326622454785,0.10456913463487262,0.20898881595330732,0.6680899025557245,0.7182780067506445,0.7331839957898199,0.7182780067506445,0.7616930863624932,0.7391390195131042,0.7182780067506445,0.7182780067506445,0.7215092399950537,0.7182780067506445,0.7188196483008007,0.168582404509352,0.17492799240786197,0.06222546309321206,0.07246533802764402,0.017734538236118112,0.01539196660928152,0.5711277726256582,0.7634011633022955,168200,48,1038.615443434,1436.457718047,7.04467248916626,7.335452079772949,compiled,2478.185348251
16,100,0.000788197746760474,0.5049941220161833,0.09349664241415075,0.23820177462980224,0.6676850649588997,0.5867530156247507,0.06442570728844531,0.374412437526048,0.7067463509095644,0.5049941220161833,0.09349664241415075,0.23820177462980224,0.6676850649588997,0.6589638088323201,0.05817207320283664,0.34528501184298765,0.7598004769637559,0.5162714265231267,0.05570626952263018,0.360069161313768,0.6200208225385445,0.5049941220161833,0.09349664241415075,0.23820177462980224,0.6676850649588997,0.5049941220161833,0.09349664241415075,0.23820177462980227,0.6676850649588996,0.4526882268166574,0.0685496228804911,0.2664685172938527,0.578759193469017,0.5049941220161833,0.09349664241415075,0.23820177462980224,0.6676850649588997,0.4926288857732865,0.10172653144269908,0.2084889844125503,0.6640773694900357,0.7203343486031437,0.7352117354955028,0.7203343486031437,0.7630096193701523,0.7407731105118504,0.7203343486031437,0.7203343486031437,0.7239988652603613,0.7203343486031437,0.7213299131427106,0.16602718936136718,0.17223194283498292,0.06094656982332159,0.07118929253596035,0.017387375337888387,0.014973289581258818,0.5558761702547411,0.7529805485352373,168200,46,960.4422148950002,1433.7397646200002,7.1849141120910645,7.315610885620117,compiled,2397.467499218
17,100,0.00076160432131371,0.5066059515062385,0.09371159312988617,0.24501718791046806,0.6658033295658358,0.5883095166456287,0.06286422663783038,0.3790721259245246,0.719444331587191,0.5066059515062385,0.09371159312988617,0.24501718791046806,0.6658033295658358,0.6589470966527898,0.05685324301284671,0.35078001631806144,0.7508236901295187,0.5191807040917238,0.05619197577436932,0.35187845355442887,0.6260304787831039,0.5066059515062385,0.09371159312988617,0.24501718791046806,0.6658033295658358,0.5066059515062385,0.09371159312988617,0.24501718791046803,0.6658033295658358,0.45603691839561217,0.06890693320250514,0.258340937913154,0.5917279183341231,0.5066059515062385,0.09371159312988617,0.24501718791046806,0.6658033295658358,0.4949699091039831,0.10177647102491581,0.219052279061694,0.6692043637936103,0.7204213265946453,0.7367890768742498,0.7204213265946453,0.7641089271599775,0.7426206886757227,0.7204213265946453,0.7204213265946453,0.7259320641536587,0.7204213265946453,0.7215803119101905,0.16363718432778918,0.16968298728944492,0.059810464225464266,0.06999404350859725,0.017013316641421073,0.014586685426268446,0.5439640219632981,0.7455511787751832,168200,53,933.8414865179993,1431.937190015,7.0604071617126465,7.315367221832275,compiled,2368.6927942859993
18,100,0.0007339564536692134,0.5069561038989279,0.0950698869150858,0.2440487214281712,0.6673483040174447,0.5868323882889388,0.06727829720656216,0.37322841319418365,0.7196769897306443,0.5069561038989279,0.0950698869150858,0.2440487214281712,0.6673483040174447,0.6617956542153304,0.054506074937794094,0.34714143466501146,0.7395221340718148,0.5205224675854141,0.0573704147906717,0.3523536857486024,0.6353500740898843,0.5069561038989279,0.0950698869150858,0.2440487214281712,0.6673483040174447,0.5069561038989279,0.0950698869150858,0.24404872142817116,0.6673483040174446,0.4565938237570517,0.07114022158502248,0.2583645687402887,0.5784520665607811,0.5069561038989279,0.0950698869150858,0.2440487214281712,0.6673483040174447,0.49441149503075293,0.10318138511819364,0.21312054348775625,0.6683917029920701,0.7148008385198762,0.7335406423693206,0.7148008385198762,0.7613946716819465,0.7432157474349794,0.7148008385198762,0.7148008385198761,0.722575407401836,0.7148008385198762,0.7133882940146492,0.16126338050496108,0.16725548979231752,0.058735476710372846,0.0689470022408833,0.016707025025033434,0.014232503984092816,0.5329468018588613,0.7393233171874087,168200,50,979.136477134999,1425.9828987379988,7.061078071594238,7.315610885620117,compiled,2408.2336211890006
19,100,0.000705367754845585,0.5094394082597312,0.09481631330325054,0.22958621428570763,0.6757367551615072,0.5923697144685742,0.06346833430933893,0.37822294150036684,0.7155664946233744,0.5094394082597312,0.09481631330325054,0.22958621428570763,0.6757367551615072,0.6623505888991035,0.05832928823529895,0.351258774509547,0.7531355664527284,0.522553646249616,0.05670380863382356,0.35416275390118035,0.6295641589442029,0.5094394082597312,0.09481631330325054,0.22958621428570763,0.6757367551615072,0.5094394082597312,0.09481631330325054,0.22958621428570766,0.6757367551615072,0.45932659393628383,0.07065350636132973,0.2590881633479796,0.5908777024996921,0.5094394082597312,0.09481631330325054,0.22958621428570763,0.6757367551615072,0.4969993596107969,0.10303862048013439,0.19668042792337603,0.6732377508919767,0.7182505938152887,0.7354781758852581,0.7182505938152887,0.7632602814482049,0.7458744916919473,0.7182505938152887,0.7182505938152888,0.7263606498217232,0.7182505938152887,0.7179750459688848,0.1590869500320251,0.1649201228924369,0.05770410439619154,0.06791016318079238,0.01641981083808068,0.013891402803640575,0.5227020758588757,0.7345160405276998,168200,46,918.1742978890015,1437.163387116001,7.061388969421387,7.315610885620117,compiled,2358.414584266
20,100,0.0006759557019385474,0.5103323581452613,0.09421057733644919,0.2494878195035694,0.679983158235919,0.5946648412027572,0.06321597352781969,0.384627977437176,0.7180961447131012,0.5103323581452613,0.09421057733644919,0.2494878195035694,0.679983158235919,0.6635448030406315,0.057856466276082895,0.353722013150284,0.7601570542121199,0.5258502285514719,0.05649785997343113,0.363364319650981,0.6289055139591713,0.5103323581452613,0.09421057733644919,0.2494878195035694,0.679983158235919,0.5103323581452612,0.09421057733644918,0.2494878195035694,0.679983158235919,0.46268760767726597,0.06947550407720395,0.2716945249943402,0.6082844476697982,0.5103323581452613,0.09421057733644919,0.2494878195035694,0.679983158235919,0.4980524469737667,0.10205661754851675,0.20425214583194812,0.6775299901699852,0.7205309783360683,0.7404689277062667,0.7205309783360683,0.7661039922755647,0.7460299957442531,0.7205309783360683,0.7205309783360683,0.7293434138237616,0.7205309783360683,0.7216107661240565,0.15704292591171498,0.16272438561530894,0.05678320873665823,0.06700184219845597,0.01615940324472604,0.013585115338691067,0.5143973798623098,0.7318823235441725,168200,45,922.9720922910001,1436.7887450020007,7.0604071617126465,7.315367221832275,compiled,2362.6372686699997
21,100,0.000645841155382361,0.5084444757499134,0.0969430550181109,0.23438106191764355,0.6780176043083098,0.5958478001144768,0.06625417664926866,0.36931975950673,0.7138955606200861,0.5084444757499134,0.0969430550181109,0.23438106191764355,0.6780176043083098,0.6619399719218181,0.06373915968871542,0.3556728381334323,0.7723874149846476,0.5267000677011486,0.05904096410572888,0.29218838297304967,0.6345805106726123,0.5084444757499134,0.0969430550181109,0.23438106191764355,0.6780176043083098,0.5084444757499134,0.0969430550181109,0.23438106191764357,0.6780176043083098,0.46275093043997506,0.07325548277098308,0.18813346172005635,0.5875686930173465,0.5084444757499134,0.0969430550181109,0.23438106191764355,0.6780176043083098,0.4964749917346182,0.10440472954929296,0.2180409356981252,0.6692022471967235,0.7170806654894282,0.7360804467987255,0.7170806654894282,0.7624792966598783,0.7450528747808773,0.7170806654894282,0.7170806654894282,0.7245878329766934,0.7170806654894282,0.7153259564980604,0.15517879187807243,0.16074454255049733,0.055911139251931016,0.06619401303218048,0.015995585227823433,0.013325277740202479,0.5056364709453011,0.7311849702573813,168200,47,931.2979200440004,1431.5328967749992,7.061078071594238,7.315610885620117,compiled,2365.909611642999
22,100,0.0006151478623083757,0.5117753258120292,0.09624186699409103,0.2579171577376541,0.6756751457508603,0.5939430620962672,0.06650976351576328,0.37735538264115265,0.7264403378529165,0.5117753258120292,0.09624186699409103,0.2579171577376541,0.6756751457508603,0.663358998290796,0.060144110415821,0.35058943361901274,0.786928930061171,0.5301160929977772,0.05697276025481261,0.3682425523295876,0.6448824075093157,0.5117753258120292,0.09624186699409103,0.2579171577376541,0.6756751457508603,0.5117753258120292,0.09624186699409103,0.2579171577376541,0.6756751457508603,0.4672338744961143,0.07111058980581113,0.27973931605630575,0.6181272096938479,0.5117753258120292,0.09624186699409103,0.2579171577376541,0.6756751457508603,0.49947530641325927,0.10431852641457245,0.2139080087803762,0.6845018675865887,0.7190013365432177,0.7380693287325847,0.7190013365432177,0.7638318185734496,0.7465508908755056,0.7190013365432177,0.7190013365432177,0.7268249146193988,0.7190013365432177,0.7176571909021143,0.1533754821256737,0.15887536779297518,0.055079010658519126,0.06543841888607185,0.01581337180816943,0.013086626602715774,0.499715611277529,0.7330829210393387,168200,44,902.7402154710035,1424.8249189199996,7.061388969421387,7.315610885620117,compiled,2330.615615965002
23,100,0.0005840019480415229,0.5141703029073602,0.0942042746220768,0.24996201682262148,0.6783951594145824,0.5996450023713876,0.06511250020887244,0.3793049103887209,0.7177857702182878,0.5141703029073602,0.0942042746220768,0.24996201682262148,0.6783951594145824,0.6657847430564281,0.05873728759179298,0.35245882439838905,0.7693556371781816,0.5335208908786466,0.0559404272120007,0.364225338563455,0.6401770547483578,0.5141703029073602,0.0942042746220768,0.24996201682262148,0.6783951594145824,0.5141703029073602,0.0942042746220768,0.24996201682262148,0.6783951594145823,0.47024460012395464,0.0701810752775294,0.2745419668393775,0.6233442532803871,0.5141703029073602,0.0942042746220768,0.24996201682262148,0.6783951594145824,0.502123069416144,0.10229547710955282,0.21711833467315758,0.6871171596217893,0.7192931216856483,0.7396694134981174,0.7192931216856483,0.7661949964151407,0.750027663514536,0.7192931216856483,0.7192931216856484,0.730191738226348,0.7192931216856483,0.7186481052120905,0.15166880205648772,0.15711979731423673,0.05433203044542127,0.06479146928287934,0.015675144684703518,0.012871250922004387,0.49350743804999625,0.7359633359130285,168200,42,921.485925869998,1440.2269557719992,7.0604071617126465,7.315367221832275,compiled,2364.5940242649995
24,100,0.0005525313978243026,0.5146712914921493,0.09465844867040851,0.2513844229293686,0.6753826172067928,0.6004397193273626,0.0632391983322623,0.3816831674907394,0.717332788324752,0.5146712914921493,0.09465844867040851,0.2513844229293686,0.6753826172067928,0.6686241820441344,0.05438112312090201,0.35378408658888383,0.7723570333455927,0.5345636725938869,0.05764519465074257,0.3418851011418048,0.6420882569913816,0.5146712914921493,0.09465844867040851,0.2513844229293686,0.6753826172067928,0.5146712914921493,0.09465844867040851,0.2513844229293686,0.6753826172067928,0.4712820623025719,0.07115822952987579,0.23975736404520737,0.6237937236730348,0.5146712914921493,0.09465844867040851,0.2513844229293686,0.6753826172067928,0.5023827216807855,0.10286441997797956,0.22481151896777885,0.685949345360342,0.7203940065844942,0.7406423471824218,0.7203940065844942,0.7662969650585113,0.7503353746171131,0.7203940065844942,0.720394006584494,0.7309043609394852,0.7203940065844942,0.7197726537215748,0.1501820372806775,0.15547420058720804,0.053653193481225187,0.06418423120460313,0.015573449736554978,0.01267681725769636,0.4880256407295849,0.7402995385407788,168200,51,912.1085817880012,1438.4107644520009,7.061078071594238,7.315610885620117,compiled,2353.5891397339983
25,100,0.0005208655308979695,0.5139956016642161,0.0946667041528818,0.25103093545108635,0.6772953896181917,0.6016880316086695,0.06571403485296598,0.367362372758021,0.7283784538107231,0.5139956016642161,0.0946667041528818,0.25103093545108635,0.6772953896181917,0.668985869487295,0.05612082852466128,0.3383403679721857,0.792350938634583,0.5347890753455945,0.05842601336461373,0.3495458338708448,0.6355087256302064,0.5139956016642161,0.0946667041528818,0.25103093545108635,0.6772953896181917,0.5139956016642161,0.09466670415288178,0.25103093545108635,0.6772953896181917,0.47159784971821844,0.07190752952338104,0.2659772005080012,0.6275363516433077,0.5139956016642161,0.0946667041528818,0.25103093545108635,0.6772953896181917,0.5016377859437653,0.1022614884411202,0.2231332305262784,0.6866638799138276,0.7171069633223288,0.7393498533992787,0.7171069633223288,0.7652589258237074,0.750109875159715,0.7171069633223288,0.7171069633223288,0.728704550577984,0.7171069633223288,0.7149368841744097,0.14866128060247952,0.1538457610878995,0.05297695774201514,0.06363893853714497,0.01548301425521427,0.012489387350195986,0.48272887634980144,0.7462757767021383,168200,47,915.2776639199983,1432.1251678619992,7.061388969421387,7.315610885620117,compiled,2350.2680210889994
26,100,0.0004891344691020307,0.5169023633946062,0.09591671841153064,0.2582343114609394,0.6888576082000174,0.601918527193702,0.06267693042365084,0.3868124438032116,0.7191352014361901,0.5169023633946062,0.09591671841153064,0.2582343114609394,0.6888576082000174,0.6672360943643513,0.05862831956055848,0.35729529532531057,0.7745570066098035,0.5383686302181531,0.05781891892495835,0.36967125669579726,0.6452976321956287,0.5169023633946062,0.09591671841153064,0.2582343114609394,0.6888576082000174,0.5169023633946062,0.09591671841153065,0.25823431146093945,0.6888576082000175,0.4749875584180892,0.07179543090224935,0.2873105942904334,0.6166212472243768,0.5169023633946062,0.09591671841153064,0.2582343114609394,0.6888576082000174,0.5042289893277598,0.10388778010298386,0.2200698007476623,0.6882389760503304,0.7172992255706374,0.7385684539929989,0.7172992255706374,0.7650901741874443,0.7509628977500913,0.7172992255706374,0.7172992255706373,0.7286279841576322,0.7172992255706374,0.714687366538624,0.14741650471063944,0.15247294526789568,0.05238960704883153,0.06319073672621955,0.015441241512767347,0.012350598358001987,0.47801153335638413,0.7534959704754287,168200,57,942.536723428002,1426.2229253749974,7.0604071617126465,7.315367221832275,compiled,2371.802206280001
27,100,0.00045746860217569754,0.5152451817584478,0.09787020776255434,0.24483143042648114,0.6882511783148256,0.6023435584378847,0.06712201861170268,0.3663029415539051,0.7197540725675784,0.5152451817584478,0.09787020776255434,0.24483143042648114,0.6882511783148256,0.6673110439289434,0.0614561724531442,0.33187419729450185,0.7705179492680275,0.5378797250194288,0.06032981876652016,0.3096451444740388,0.6471215073562894,0.5152451817584478,0.09787020776255434,0.24483143042648114,0.6882511783148256,0.5152451817584478,0.09787020776255434,0.24483143042648114,0.6882511783148255,0.47524911308647444,0.07457916309934982,0.206012446095877,0.6167446772891245,0.5152451817584478,0.09787020776255434,0.24483143042648114,0.6882511783148256,0.5033928649465185,0.10572347081792324,0.21802417330879645,0.6817413572585378,0.7101687029211874,0.7322229958447007,0.7101687029211874,0.7597881218345823,0.7475799483967077,0.7101687029211874,0.7101687029211874,0.7200118204533308,0.7101687029211874,0.7034773290979761,0.14617439283528186,0.15116003531702654,0.051864644534338866,0.06282363813116162,0.015411187733468026,0.012222358821781716,0.47413323531934176,0.7632243148221137,168200,46,1131.9284213800001,1360.677239619,7.04467248916626,7.335452079772949,compiled,2495.866724814
28,100,0.0004259980519584773,0.5206587895209733,0.09367570337250745,0.2630429120231555,0.6845090803257549,0.606551328379141,0.06369689066829093,0.38680724327167415,0.7362074175800596,0.5206587895209733,0.09367570337250745,0.2630429120231555,0.6845090803257549,0.6703913118191882,0.05828950730357829,0.35687247478822404,0.7673091519554313,0.5432358294852468,0.05625113573858726,0.37310961003915466,0.6429493913347485,0.5206587895209733,0.09367570337250745,0.2630429120231555,0.6845090803257549,0.5206587895209733,0.09367570337250745,0.26304291202315544,0.6845090803257549,0.48031310325028614,0.07095819289746874,0.28547354812710074,0.6233492643467801,0.5206587895209733,0.09367570337250745,0.2630429120231555,0.6845090803257549,0.5085992194372875,0.10188444141436426,0.22332625901786124,0.6862074032960248,0.7195107525148116,0.7407041063452144,0.7195107525148116,0.7674607144149143,0.755059771950869,0.7195107525148116,0.7195107525148116,0.7326648385653247,0.7195107525148116,0.7174485626184225,0.14512738497809943,0.15003536471101944,0.05133788038837984,0.06255364656448247,0.01552102620878611,0.012159702986574013,0.4699311138571149,0.7737146305384118,168200,49,1006.2570668559997,1358.9501335220002,7.1849141120910645,7.315367221832275,compiled,2368.560088867
29,100,0.00039485213769162444,0.5201626860141898,0.09630704478371588,0.263074506592718,0.6846152009094032,0.6075423552760542,0.06503181605363939,0.3882119203596181,0.7274805362752301,0.5201626860141898,0.09630704478371588,0.263074506592718,0.6846152009094032,0.6697427170336923,0.05849264528128608,0.3583382348660356,0.758681553035939,0.5433008275451701,0.05720962662559846,0.3334230815066835,0.6497819267276816,0.5201626860141898,0.09630704478371588,0.263074506592718,0.6846152009094032,0.5201626860141899,0.09630704478371589,0.263074506592718,0.6846152009094032,0.4807062629991379,0.07317587639524811,0.2262476617711089,0.6290109415035322,0.5201626860141898,0.09630704478371588,0.263074506592718,0.6846152009094032,0.5078858704716808,0.10442052036480215,0.2219525360751791,0.6887172841086677,0.7171281502689767,0.7374919146896706,0.7171281502689767,0.7649156817026217,0.7548984942757553,0.7171281502689767,0.7171281502689766,0.7297327220826619,0.7171281502689767,0.7130193099218243,0.14418809655255393,0.14896435671423497,0.05092583493487856,0.06235862787043677,0.015552222603636702,0.01207365755125104,0.46583552242370635,0.7858289748649375,168200,61,1042.5791563490002,1359.4292919929994,7.161459445953369,7.315610885620117,compiled,2405.172233536
30,100,0.00036415884461763896,0.5227690279921382,0.09340072539378456,0.25646557311666396,0.6853941928995294,0.6149279297448177,0.060858418709735455,0.372040122454518,0.7324634355469875,0.5227690279921382,0.09340072539378456,0.25646557311666396,0.6853941928995294,0.6760952676075794,0.05521447621027434,0.3415073407792375,0.7759297510420824,0.5478810533416769,0.056941743177065005,0.37924603418907665,0.6553473067093623,0.5227690279921382,0.09340072539378456,0.25646557311666396,0.6853941928995294,0.5227690279921382,0.09340072539378456,0.25646557311666396,0.6853941928995293,0.4847386824129086,0.07123499132317469,0.28521810068537,0.6286212089231975,0.5227690279921382,0.09340072539378456,0.25646557311666396,0.6853941928995294,0.5104662966894883,0.10187245223673676,0.23045945914687704,0.687040824687835,0.7172999689722742,0.7397345958511878,0.7172999689722742,0.7668191939273727,0.7570066928458332,0.7172999689722742,0.7172999689722741,0.7323839732894459,0.7172999689722742,0.7138127849169557,0.1435270989925591,0.14816945414137625,0.05058015934919236,0.06228468293252933,0.015730681402176705,0.012062464576683574,0.46249610601863317,0.799553057702053,168200,53,1081.7040701080005,1358.842689784,7.182489395141602,7.315610885620117,compiled,2443.8316663820005
31,100,0.00033404429806145283,0.5242229654793087,0.09414240190606098,0.2663098834411281,0.6925849310815574,0.6161182902950764,0.05761947294922491,0.4540113316708367,0.7329404668334893,0.5242229654793087,0.09414240190606098,0.2663098834411281,0.6925849310815574,0.676533796877027,0.050707262768766206,0.42594989788276305,0.7658767583477831,0.5485410729485642,0.05665989407653822,0.3820415750849867,0.6578797445294566,0.5242229654793087,0.09414240190606098,0.2663098834411281,0.6925849310815574,0.5242229654793087,0.09414240190606096,0.2663098834411281,0.6925849310815574,0.4859495774715963,0.0719531579474111,0.29279799879683155,0.6310815105275059,0.5242229654793087,0.09414240190606098,0.2663098834411281,0.6925849310815574,0.5117592969456022,0.10279252737521156,0.2334701257243096,0.6877449701182212,0.7169135859715651,0.7397805671060005,0.7169135859715651,0.7664570806633075,0.7571827018918553,0.7169135859715651,0.7169135859715651,0.7320513040991659,0.7169135859715651,0.7127737654951369,0.14293537931969197,0.14748657149595668,0.05025032968012251,0.06226373666776366,0.01587115553422603,0.012049858399479132,0.45882176498696803,0.8155320533944383,168200,65,1049.6921360569995,1358.6176720539988,7.061078071594238,7.315367221832275,compiled,2411.5036527520006
32,100,0.00030463224515441515,0.5242389541900114,0.09358047037730534,0.27133574313168907,0.6910149597499122,0.6168547003860374,0.059449960728776056,0.47882191429490095,0.7307302073920038,0.5242389541900114,0.09358047037730534,0.27133574313168907,0.6910149597499122,0.677585750412964,0.050655332964040616,0.431190847517297,0.7840814807082694,0.5497813940064991,0.05610443372535439,0.37467565836314903,0.6523873614520399,0.5242389541900114,0.09358047037730534,0.27133574313168907,0.6910149597499122,0.5242389541900114,0.09358047037730534,0.27133574313168907,0.6910149597499122,0.4873194628819278,0.07193526999431092,0.27158892853120586,0.6336019881559245,0.5242389541900114,0.09358047037730534,0.27133574313168907,0.6910149597499122,0.5122743506577809,0.10173093864948542,0.23385174856942817,0.6940117868796752,0.7153311626625041,0.7366326719657077,0.7153311626625041,0.7646832252748446,0.7563444067728415,0.7153311626625041,0.7153311626625041,0.7287382486823248,0.7153311626625041,0.7095555285107589,0.1426892182140417,0.14705345401674955,0.0500584970433595,0.06242615262391271,0.01615867674935099,0.01209720883803222,0.45548449389668433,0.8328590081422041,168200,59,967.4863958679998,1358.9808506949994,7.061388969421387,7.315610885620117,compiled,2329.6536332720007
33,100,0.00027604354633078667,0.5262318011794624,0.0959078424010126,0.2348251514704066,0.6899981721612256,0.6200963603535551,0.05812188164874705,0.45006820732962216,0.7383721505145981,0.5262318011794624,0.0959078424010126,0.2348251514704066,0.6899981721612256,0.6790759614465626,0.05112953991255523,0.4318722833966898,0.7760726189212208,0.5523979908457884,0.058222748268845714,0.2982731609199304,0.6568210286969096,0.5262318011794624,0.0959078424010126,0.2348251514704066,0.6899981721612256,0.5262318011794624,0.09590784240101262,0.2348251514704066,0.6899981721612256,0.4905500221189329,0.07386663795890959,0.19894356857674228,0.6399421349559684,0.5262318011794624,0.0959078424010126,0.2348251514704066,0.6899981721612256,0.5143584353603257,0.10412736338152857,0.2317729064106939,0.6974469572138823,0.7086975110820276,0.7324485645386087,0.7086975110820276,0.76152408570706,0.754092865356992,0.7086975110820276,0.7086975110820276,0.7226528465843634,0.7086975110820276,0.6997323240605333,0.14265947538149848,0.14697614500754627,0.04992557430679268,0.06274808304234145,0.016468196792653465,0.012207283653321417,0.4522568891601509,0.8530455056106844,168200,55,1154.3509048370001,1358.1969660870002,7.04467248916626,7.335452079772949,compiled,2515.811624813
34,100,0.0002483956786862901,0.5272491360976042,0.09151078559125317,0.276011739426947,0.6905727287012411,0.6212420743500481,0.05642719897528951,0.48615711631715364,0.7406183707951292,0.5272491360976042,0.09151078559125317,0.276011739426947,0.6905727287012411,0.6796278353363354,0.05031650573229465,0.4251301798313361,0.764963605203598,0.5549550674028833,0.055400489199248386,0.3863829790481077,0.6592681786820364,0.5272491360976042,0.09151078559125317,0.276011739426947,0.6905727287012411,0.5272491360976042,0.09151078559125317,0.276011739426947,0.6905727287012411,0.4926469261634375,0.06946117955376611,0.29114046887072054,0.6447786653919213,0.5272491360976042,0.09151078559125317,0.276011739426947,0.6905727287012411,0.5155931991224041,0.09895301286995745,0.23722062829256807,0.7018697101254432,0.7146589417324585,0.7358075506576731,0.7146589417324585,0.7645577907516562,0.758830566354523,0.7146589417324585,0.7146589417324585,0.7292826984607059,0.7146589417324585,0.7077792225082836,0.14306367676537385,0.14720672827150147,0.049947312081365706,0.06329880514572143,0.016948886145437145,0.01237960979311661,0.4496258079053655,0.8753044524695991,168200,63,1027.3260731589999,1355.6403793309992,7.184808731079102,7.315367221832275,compiled,2386.4098072839997
35,100,0.00022180225323952595,0.5314971839481374,0.09231603362814325,0.2760665652976585,0.6898635235397663,0.6256095773455216,0.05539569117874948,0.48311614912689693,0.7344673180900505,0.5314971839481374,0.09231603362814325,0.2760665652976585,0.6898635235397663,0.6826331958315849,0.050313628949803166,0.42079278851620794,0.7669015806129751,0.5585987472182766,0.05457100833513841,0.389684631404317,0.6608299852324826,0.5314971839481374,0.09231603362814325,0.2760665652976585,0.6898635235397663,0.5314971839481374,0.09231603362814325,0.2760665652976585,0.6898635235397663,0.49835925385313695,0.07011070510410562,0.2962715708405659,0.6243259046054284,0.5314971839481374,0.09231603362814325,0.2760665652976585,0.6898635235397663,0.5200945892177835,0.10084533337534615,0.24660812841684487,0.6915497619242418,0.7181613856188768,0.7396196962541574,0.7181613856188768,0.7672182050453884,0.7611942983561623,0.7181613856188768,0.7181613856188768,0.7337709832605648,0.7181613856188768,0.7129014904826176,0.1436508548091477,0.1477569564362086,0.05002860651240029,0.0640124044502248,0.01747588270446605,0.012613489959031108,0.446298655096861,0.8996620913473573,168200,66,1027.9359328259998,1357.5836124199996,7.182489395141602,7.315610885620117,compiled,2388.642675434
36,100,0.00019637254807992693,0.5338320709599165,0.09245329005763599,0.27675346841003023,0.6958115729607355,0.6292790517067555,0.05445302209270307,0.47869866594157384,0.7414873131851957,0.5338320709599165,0.09245329005763599,0.27675346841003023,0.6958115729607355,0.68596387221641,0.04874397997857555,0.4228558504968913,0.7953056334547135,0.5620916759962045,0.05560294467823122,0.3893753002735909,0.6651523951123753,0.5338320709599165,0.09245329005763599,0.27675346841003023,0.6958115729607355,0.5338320709599165,0.09245329005763597,0.27675346841003023,0.6958115729607355,0.5018891242590622,0.07124981533852928,0.2948535766153776,0.641969803950437,0.5338320709599165,0.09245329005763599,0.27675346841003023,0.6958115729607355,0.5227174602768587,0.1010043867428918,0.2383504660973816,0.6945888029083376,0.7159896306622696,0.7375750389412128,0.7159896306622696,0.7661208695924137,0.7614920856176941,0.7159896306622696,0.7159896306622696,0.7319622374490715,0.7159896306622696,0.7092251652804125,0.14492216879685388,0.14887185579283885,0.0502917464321327,0.06501074826916364,0.018221192866188715,0.012957450404749446,0.44355000265134265,0.9271911674682011,168200,71,1036.6201352360013,1356.5548647280011,7.192825794219971,7.315610885620117,compiled,2396.3473454389996
37,100,0.00017221105932064813,0.5318702572717922,0.09373904387010802,0.2827109962018681,0.6992479470266861,0.6304696204420853,0.056563574697062226,0.4783902353662397,0.7566814902722498,0.5318702572717922,0.09373904387010802,0.2827109962018681,0.6992479470266861,0.6860064464236431,0.04914718469378042,0.4205656948096065,0.7826158989785852,0.5599683970967987,0.05702916898408196,0.39445371754558956,0.6655026798763882,0.5318702572717922,0.09373904387010802,0.2827109962018681,0.6992479470266861,0.5318702572717922,0.09373904387010802,0.2827109962018681,0.6992479470266861,0.49958266145409524,0.072812345039271,0.3108200404753749,0.6314857323722806,0.5318702572717922,0.09373904387010802,0.2827109962018681,0.6992479470266861,0.520505382104329,0.10245764765490646,0.24847069267334773,0.6874366376512049,0.68062657235254,0.7265885271582158,0.68062657235254,0.7566271058695649,0.7339640412594817,0.68062657235254,0.68062657235254,0.6981593488410608,0.68062657235254,0.6653415988862696,0.14653734078852346,0.15040414361461557,0.05068094561952624,0.06626228841456797,0.019026595444563706,0.013359525206875698,0.4406758222143463,0.9566315764417034,168200,71,1173.888253081,1443.644535112,7.04467248916626,7.335452079772949,compiled,2620.818912345
38,100,0.00014941707170162489,0.537400073578177,0.09195054149057837,0.28634474340238014,0.6975630272169561,0.6340739035246116,0.05390319880723827,0.4866912487535143,0.7619622191647573,0.537400073578177,0.09195054149057837,0.28634474340238014,0.6975630272169561,0.6884894635140035,0.047969018293856046,0.43672983157100054,0.7947602792359463,0.5657205024885834,0.05537524607042019,0.3941733317081381,0.6727098615097056,0.537400073578177,0.09195054149057837,0.28634474340238014,0.6975630272169561,0.537400073578177,0.09195054149057837,0.2863447434023802,0.6975630272169562,0.5065684582764883,0.07093439975107396,0.2962139023237921,0.6513771559429218,0.537400073578177,0.09195054149057837,0.28634474340238014,0.6975630272169561,0.526600677207711,0.10028955380898422,0.2539244175207568,0.70357324410244,0.711277021836401,0.7327984325885593,0.711277021836401,0.7625506641936841,0.7588158620323826,0.711277021836401,0.7112770218364008,0.7256770891955767,0.711277021836401,0.7018473480032217,0.14886347857025226,0.15268005249652494,0.05130673816231765,0.06792605024396733,0.020064234695931275,0.013909381404326801,0.4385575984541321,0.9910060117115672,168200,78,997.6668172459995,1454.5857094599996,7.184808731079102,7.315610885620117,compiled,2455.564707791
39,100,0.00012808425060727857,0.5411579279649389,0.08924002664304996,0.29712583271437404,0.697469265685519,0.6382580064332395,0.054558743183951736,0.4854282589676273,0.7609817929658758,0.5411579279649389,0.08924002664304996,0.29712583271437404,0.697469265685519,0.6915785947033503,0.04749832157170757,0.4247486712781787,0.7659779828679583,0.5706897988250648,0.05274023558376131,0.40135415098698446,0.668942480527521,0.5411579279649389,0.08924002664304996,0.29712583271437404,0.697469265685519,0.5411579279649389,0.08924002664304996,0.29712583271437404,0.6974692656855189,0.5123156583613659,0.06841893758591297,0.3168844628838634,0.6584257255332797,0.5411579279649389,0.08924002664304996,0.29712583271437404,0.697469265685519,0.5311965789742896,0.09731587805222902,0.2643218829307421,0.7067396535590101,0.7179812965723702,0.7376693724227917,0.7179812965723702,0.7666076233521528,0.7637725079269156,0.7179812965723702,0.7179812965723702,0.7334884965485342,0.7179812965723702,0.7111514381551234,0.15204006728201475,0.15582368845432296,0.0521336748120432,0.0700312201668169,0.021344765944280825,0.014607175064104624,0.4368799278131057,1.0292068929881808,168200,75,1113.6721171989993,1434.1903942400004,7.1412482261657715,7.315367221832275,compiled,2550.9059675460003
40,100,0.00010830025717536152,0.5473869655488168,0.0897862915655134,0.3043156416443561,0.7045441261374161,0.6432638624742454,0.052658084127560845,0.491997328389085,0.7603097040431064,0.5473869655488168,0.0897862915655134,0.3043156416443561,0.7045441261374161,0.696318882120339,0.0395914049690747,0.5346479689436703,0.7730151366758965,0.5772480034056076,0.0517048789150199,0.40931748798664114,0.6743773814933072,0.5473869655488168,0.0897862915655134,0.3043156416443561,0.7045441261374161,0.5473869655488168,0.0897862915655134,0.3043156416443561,0.7045441261374161,0.5199600414129254,0.06764242100768467,0.3187775328540195,0.6492859935062305,0.5473869655488168,0.0897862915655134,0.3043156416443561,0.7045441261374161,0.537388648821988,0.09730959282124699,0.27597391165757745,0.7006321277817564,0.7198256760331866,0.7395412283242018,0.7198256760331866,0.7680775523304406,0.7660153434857478,0.7198256760331866,0.7198256760331866,0.7361819852481964,0.7198256760331866,0.7134620017041351,0.15609072288013415,0.15985394643811765,0.05321894529941743,0.07268460229562997,0.022979567075493826,0.015512906788496341,0.4353453014719445,1.0713845545101832,168200,83,1014.7325454290003,1458.9290261450005,7.184670448303223,7.315610885620117,compiled,2476.8344304929997
41,100,9.01463880785389e-05,0.5498724369253911,0.09118031487769396,0.31824048355302864,0.7079174039894462,0.6451200727398126,0.053397293344913214,0.4906235353355288,0.7653740883280973,0.5498724369253911,0.09118031487769396,0.31824048355302864,0.7079174039894462,0.6975289284570971,0.040126294627408965,0.5338116421867016,0.7730065351874273,0.580093340893216,0.053020020996697226,0.4086163082414398,0.6820979518962558,0.5498724369253911,0.09118031487769396,0.31824048355302864,0.7079174039894462,0.5498724369253911,0.09118031487769397,0.3182404835530286,0.7079174039894462,0.5238161693904267,0.06875294765604796,0.3146318290668023,0.6703530370507045,0.5498724369253911,0.09118031487769396,0.31824048355302864,0.7079174039894462,0.540095516820837,0.098416449181827,0.2950364816484372,0.7191772497593629,0.7192246358098613,0.7388115853249329,0.7192246358098613,0.7673746634568799,0.7652015045787726,0.7192246358098613,0.7192246358098613,0.7350126021917769,0.7192246358098613,0.712549816843121,0.1612751683677901,0.16506970182769304,0.05467118312407427,0.07600723582949592,0.02493197042569311,0.016624584938574934,0.4347876314346501,1.120581653415463,168200,83,1219.0694320549992,1436.6277436920009,7.157369136810303,7.315610885620117,compiled,2659.3028289470003
42,100,7.369724145892235e-05,0.5538963603334639,0.08797477256900404,0.3292809271110492,0.710462811193733,0.6479827839200089,0.05396307587090892,0.4974383138239803,0.7687119183608286,0.5538963603334639,0.08797477256900404,0.3292809271110492,0.710462811193733,0.6994789504788875,0.040539442622997905,0.532126268622451,0.7772163874115756,0.5849458937436612,0.05181345794478845,0.4203500402199669,0.6830797421815842,0.5538963603334639,0.08797477256900404,0.3292809271110492,0.710462811193733,0.5538963603334639,0.08797477256900403,0.3292809271110493,0.710462811193733,0.5296709334964398,0.06728863754389129,0.3309575295257349,0.6756717560660968,0.5538963603334639,0.08797477256900404,0.3292809271110492,0.710462811193733,0.5450896380392218,0.09467410237300836,0.3101568280491299,0.721098424119774,0.7206137746933631,0.7385719953800527,0.7206137746933631,0.7672576700686515,0.7658427132539075,0.7206137746933631,0.7206137746933631,0.7355360701576119,0.7206137746933631,0.714122164099755,0.16792977847530013,0.1720101521166664,0.056475172494975745,0.08024086650171723,0.027429213248981444,0.01810057050966026,0.4364642317812251,1.1770399971271717,168200,93,986.7262159220008,1441.086375494002,7.0604071617126465,7.315367221832275,compiled,2430.677342458999
43,100,5.902041038830258e-05,0.561005571516492,0.08579747207117318,0.3379170239253595,0.7082417129534855,0.6541511583003983,0.05175504793712979,0.4977062274649803,0.7721163756468812,0.561005571516492,0.08579747207117318,0.3379170239253595,0.7082417129534855,0.703041481732989,0.038560416392020694,0.536709343226814,0.7701456873921948,0.5914875462788227,0.04978191340787378,0.422437867912229,0.6911206917280844,0.561005571516492,0.08579747207117318,0.3379170239253595,0.7082417129534855,0.5610055715164919,0.08579747207117316,0.3379170239253595,0.7082417129534855,0.538111915238328,0.06486172510695015,0.3324947349086551,0.6726352575739059,0.561005571516492,0.08579747207117318,0.3379170239253595,0.7082417129534855,0.553033622553337,0.0924134153094866,0.32238302709459055,0.7189424305375693,0.72557505136673,0.7427083533259583,0.72557505136673,0.7698032078535341,0.767862887679386,0.72557505136673,0.72557505136673,0.7402812415420585,0.72557505136673,0.720996309714186,0.17623281712626793,0.18072359211823635,0.05881217439409564,0.08555851947348109,0.030447176401847794,0.019939889155189912,0.439004107012515,1.2420561075050476,168200,84,969.7728440930005,1447.1556343280026,7.146968841552734,7.315610885620117,compiled,2420.1077601960023
44,100,4.617620511371929e-05,0.5667319636591827,0.08593473704171485,0.35343153730905147,0.7192944226385127,0.6578752538405024,0.05232547059935109,0.5064554205065486,0.7763171207699375,0.5667319636591827,0.08593473704171485,0.35343153730905147,0.7192944226385127,0.7091041654278569,0.03537641673479421,0.537517065259161,0.7925004659928774,0.5961184257917383,0.04897574109202834,0.44045437696083134,0.6923292403052085,0.5667319636591827,0.08593473704171485,0.35343153730905147,0.7192944226385127,0.5667319636591827,0.08593473704171485,0.3534315373090515,0.7192944226385127,0.5447188447154909,0.06335192407675691,0.35925391952059843,0.6866515926767711,0.5667319636591827,0.08593473704171485,0.35343153730905147,0.7192944226385127,0.5592940431694248,0.09213188837689151,0.33428152825485924,0.7301186354714599,0.7160964017223501,0.7357327280797826,0.7160964017223501,0.7647298481632188,0.7600936137231664,0.7160964017223501,0.7160964017223501,0.7286153929010489,0.7160964017223501,0.7088136510253868,0.1866807384796697,0.19201935890023022,0.06169335284245759,0.09233357436715968,0.03441387216327282,0.02238503176643454,0.4451830674087649,1.3189414577182987,168200,99,1091.383294924999,1441.1986878320022,7.182489395141602,7.315610885620117,compiled,2536.056274645998
45,100,3.521740522971908e-05,0.5768319270187745,0.08365637130834841,0.3638737283998847,0.7252709071720881,0.6659757598682355,0.04996098371501572,0.5106492068549842,0.77313309720974,0.5768319270187745,0.08365637130834841,0.3638737283998847,0.7252709071720881,0.713177783674269,0.033568065430977054,0.5380942084379874,0.7678524309327179,0.6062624453873615,0.045794193124051544,0.45221358826570796,0.697928387008606,0.5768319270187745,0.08365637130834841,0.3638737283998847,0.7252709071720881,0.5768319270187745,0.08365637130834841,0.36387372839988463,0.7252709071720882,0.5580791966474319,0.06039182940748135,0.3942479038611617,0.686949225664935,0.5768319270187745,0.08365637130834841,0.3638737283998847,0.7252709071720881,0.5704278737890195,0.08839350649117057,0.3390572188464967,0.7299969547251879,0.7324127666964988,0.7469493710413102,0.7324127666964988,0.772513741742032,0.7701479612353641,0.7324127666964988,0.7324127666964987,0.7455692828978885,0.7324127666964988,0.7299777497322177,0.1994985491143477,0.20613308430255084,0.06527388963116283,0.1008190926692087,0.03932399026121833,0.02548169079777052,0.4543143952241085,1.4113808659592921,168200,103,1156.102069302,1447.979054700998,7.0604071617126465,7.315367221832275,compiled,2607.3786324209977
46,100,2.618904279568042e-05,0.5828379877864688,0.08513003892027356,0.374662065877837,0.7247458797661221,0.6700589272236773,0.05117542492175528,0.5199911579562754,0.7868668679731579,0.5828379877864688,0.08513003892027356,0.374662065877837,0.7247458797661221,0.7142705033984449,0.037994516240269394,0.5418692137884423,0.7665208546162503,0.6106929966013372,0.04631795390962179,0.4674726191177566,0.7032553681889582,0.5828379877864688,0.08513003892027356,0.374662065877837,0.7247458797661221,0.5828379877864687,0.08513003892027354,0.374662065877837,0.724745879766122,0.5651700149713718,0.06111612801810249,0.41458552072479127,0.6903786245252721,0.5828379877864688,0.08513003892027356,0.374662065877837,0.7247458797661221,0.5771157635117494,0.08984290265395284,0.3497181171556094,0.7327510105614755,0.7284703219663197,0.7426343506671598,0.7284703219663197,0.7694114160702497,0.7654151225242742,0.7284703219663197,0.7284703219663196,0.7390765087776716,0.7284703219663197,0.7249899930721446,0.21465211078772534,0.22374853457136124,0.06967224286741636,0.11149229736991438,0.04522784984440889,0.029404882557965906,0.46860942090875457,1.520058118750616,168200,100,1138.5109261769976,1440.174124375997,7.061078071594238,7.315610885620117,compiled,2582.0827486960006
47,100,1.9128217289422665e-05,0.5971528274863092,0.079105806831732,0.40739961545691833,0.7437802140494918,0.677178248980198,0.04905346351975416,0.5231612268278922,0.7615224800612372,0.5971528274863092,0.079105806831732,0.40739961545691833,0.7437802140494918,0.7206594118223002,0.03316051932666208,0.5415562041048889,0.7679586142044664,0.6226255360844112,0.043224018631147124,0.4785240547599395,0.7059637823238645,0.5971528274863092,0.079105806831732,0.40739961545691833,0.7437802140494918,0.5971528274863092,0.07910580683173202,0.40739961545691833,0.7437802140494918,0.5804373057214569,0.057115219090816266,0.40672403112656064,0.7047360423049693,0.5971528274863092,0.079105806831732,0.40739961545691833,0.7437802140494918,0.592741916335087,0.08286362348513929,0.36524102903385275,0.7459928567349383,0.740141355962727,0.751180915885274,0.740141355962727,0.774895285934887,0.7704042871561049,0.740141355962727,0.740141355962727,0.7498215745228107,0.740141355962727,0.7398642601208515,0.23220117774387916,0.2450369772355298,0.07493010289196719,0.12468097887633321,0.05240118316295869,0.034322774917979526,0.48775139826246183,1.6503959378461162,168200,112,1017.875987034,1458.276051069999,7.1330437660217285,7.315610885620117,compiled,2479.1894778749993
48,100,1.4063943157493203e-05,0.610906821760072,0.07953483909913711,0.370930375511681,0.7554588679126759,0.6836526553958316,0.04991003460669119,0.5411692986490005,0.7959205996259779,0.610906821760072,0.07953483909913711,0.370930375511681,0.7554588679126759,0.7245974527568461,0.03477253597235374,0.543296516009951,0.7743570516151002,0.6325656570768957,0.04572700292450999,0.41429102211080304,0.7116476894881808,0.610906821760072,0.07953483909913711,0.370930375511681,0.7554588679126759,0.610906821760072,0.07953483909913711,0.370930375511681,0.7554588679126759,0.5940822165377814,0.05790708438868986,0.36081981687064657,0.6999699908900603,0.610906821760072,0.07953483909913711,0.370930375511681,0.7554588679126759,0.6067263331081066,0.08128920645014812,0.3915855730204746,0.744314021183937,0.7322124199553903,0.745805702395838,0.7322124199553903,0.7707987400740732,0.7623940202265811,0.7322124199553903,0.7322124199553903,0.7395832808415326,0.7322124199553903,0.7308044728383284,0.24911404232230538,0.2676370895630845,0.08087874417286693,0.1394457697512141,0.059552352399352054,0.03961285298807529,0.507877425790636,1.7865139980245797,168200,114,994.3065360209985,1435.7766805290012,7.0604071617126465,7.315367221832275,compiled,2433.3776630300017
49,100,1.1017030588583515e-05,0.6218528570272316,0.07173310214492311,0.44705637577019897,0.7573297310568021,0.6890928168950191,0.04752948317143273,0.5437582596861292,0.7999088568318142,0.6218528570272316,0.07173310214492311,0.44705637577019897,0.7573297310568021,0.7289035662016786,0.03235222488956262,0.5455866582433153,0.7775378566491975,0.6404302523278514,0.03836707343287621,0.5180849251035254,0.7157744851550372,0.6218528570272316,0.07173310214492311,0.44705637577019897,0.7573297310568021,0.6218528570272316,0.0717331021449231,0.44705637577019897,0.7573297310568021,0.6045522762897043,0.05008888244579952,0.46326102113584455,0.7146496719021591,0.6218528570272316,0.07173310214492311,0.44705637577019897,0.7573297310568021,0.6180702807668871,0.07310473085322523,0.42422909542255793,0.757193096793993,0.747567938314019,0.7560642750518788,0.747567938314019,0.7774074615676204,0.7700219276700586,0.747567938314019,0.7475679383140189,0.7538031810035575,0.747567938314019,0.7489956775549351,0.25959170619687344,0.28543650595338466,0.08673398696690317,0.15273367620933628,0.06408457626188745,0.04371392504308213,0.5188327225846545,1.8933223240660693,168200,117,1033.8164482339998,1442.1337341339968,7.161736965179443,7.315610885620117,compiled,2479.1914483319997
50,100,1e-05,0.6288874371906927,0.07044043027207895,0.455600104931141,0.7640477587230515,0.6921465861463387,0.04696808896717985,0.5500920984036266,0.7925274254176322,0.6288874371906927,0.07044043027207895,0.455600104931141,0.7640477587230515,0.7308403197086603,0.033161357437868064,0.5462834061443798,0.7750419773118539,0.645420883258702,0.038399435020724605,0.5226006685431391,0.7099438953598279,0.6288874371906927,0.07044043027207895,0.455600104931141,0.7640477587230515,0.6288874371906926,0.07044043027207895,0.455600104931141,0.7640477587230515,0.6110623472060037,0.049600565251304275,0.4731960996312656,0.7158882179564359,0.6288874371906927,0.07044043027207895,0.455600104931141,0.7640477587230515,0.6257060962624943,0.07101150475873422,0.43883480629677185,0.759791961668657,0.7510091444906086,0.7591691846188441,0.7510091444906086,0.77926507823072,0.7711029903696429,0.7510091444906086,0.7510091444906086,0.7568427059324729,0.7510091444906086,0.7531584129044316,0.2569069558742585,0.2885914630593347,0.09081654628055222,0.15828198343621616,0.06232323362403874,0.04392162269770438,0.5092564119136669,1.9134624077347595,168200,123,948.206233193996,1452.3978736859935,7.061388969421387,7.335946559906006,compiled,2410.523894644997
