round,rule,n_clients,accuracy,precision_macro,precision_micro,precision_weighted,recall_macro,recall_micro,recall_weighted,f1_macro,f1_micro,f1_weighted,f1_macro_std,f1_macro_min,f1_macro_max
1,proto,100,0.46561198077228844,0.45213072190429443,0.46561198077228844,0.6080393168447097,0.4617278451163894,0.46561198077228844,0.46561198077228844,0.416138722036093,0.46561198077228844,0.48887549237416744,0.05676407049035749,0.22756794556821022,0.5346469779323723
1,clf,100,0.42708014696678664,0.4479546378927003,0.42708014696678664,0.5875854220843001,0.4130731299747574,0.42708014696678664,0.42708014696678664,0.3396735787242132,0.42708014696678664,0.4132984572427123,0.06084110844047116,0.17758874823738022,0.45500311090933737
2,proto,100,0.4807542896829885,0.4950873353267012,0.4807542896829885,0.6307078646658701,0.4878795376621916,0.4807542896829885,0.4807542896829885,0.44739427264092335,0.4807542896829885,0.5019082296244552,0.05785307015847891,0.2642846410062068,0.5471289547188879
2,clf,100,0.4318557841711763,0.46453585611680626,0.4318557841711763,0.5952358170089339,0.42907611594944955,0.4318557841711763,0.4318557841711765,0.35286770732622247,0.4318557841711763,0.4165944149982078,0.061908976174813564,0.17935707546521804,0.46432049560736266
3,proto,100,0.47580732534963327,0.4965355658622581,0.47580732534963327,0.6290622389337021,0.4843275858043781,0.47580732534963327,0.47580732534963327,0.44580718529556806,0.47580732534963327,0.4968358183362074,0.0571981834089253,0.2663620622835085,0.5444934339332379
3,clf,100,0.4212052529131352,0.45839966362023477,0.4212052529131352,0.592404139769746,0.42471418246491155,0.4212052529131352,0.42120525291313526,0.34723376659423877,0.4212052529131352,0.4065513749201346,0.057293211426247465,0.18198663446237462,0.45034797108312796
4,proto,100,0.4709531970126777,0.4944750436004435,0.4709531970126777,0.6245134640244351,0.479663823657342,0.4709531970126777,0.4709531970126777,0.4407399331522081,0.4709531970126777,0.4905671284089159,0.05875127147919787,0.26950963071378276,0.5383790113152135
4,clf,100,0.4144605046043044,0.451934030255551,0.4144605046043044,0.5887488085233538,0.4211694930099536,0.4144605046043044,0.4144605046043044,0.3408626063188028,0.4144605046043044,0.3988249706062932,0.05814430985689105,0.17527999147867557,0.4343575912453652
5,proto,100,0.46782864183401635,0.4988678097574277,0.46782864183401635,0.6215076485498304,0.47614737277196795,0.46782864183401635,0.46782864183401635,0.4402621390788785,0.46782864183401635,0.48560136029526924,0.05772047902553157,0.25959520760616556,0.5282760325406518
5,clf,100,0.4079631064635705,0.44812466177389326,0.4079631064635705,0.5858615406501032,0.4198418212173381,0.4079631064635705,0.4079631064635705,0.3388700937549122,0.4079631064635705,0.3919480765504687,0.05634319270381227,0.17016960489952454,0.45009692340358437
6,proto,100,0.46435767078514284,0.49698000037648143,0.46435767078514284,0.6187078038343138,0.47358596536270725,0.46435767078514284,0.46435767078514284,0.4370810403134298,0.46435767078514284,0.47976516599983365,0.05798273533636901,0.2710563082612947,0.5521358435176733
6,clf,100,0.40591966170021715,0.4454930405118386,0.40591966170021715,0.583315858649783,0.4186438469802593,0.40591966170021715,0.40591966170021715,0.337233023259258,0.40591966170021715,0.38986399035893854,0.058083909311431633,0.1824504392535179,0.4553811759102633
7,proto,100,0.4588900623277226,0.49255912904055954,0.4588900623277226,0.6140086911125424,0.4683674618768189,0.4588900623277226,0.45889006232772256,0.43178737348804325,0.4588900623277226,0.4726994693533122,0.05609549522711018,0.2620944327040603,0.5243297990732985
7,clf,100,0.3987047861962955,0.4408255730713375,0.3987047861962955,0.5805302784257332,0.415386105593903,0.3987047861962955,0.3987047861962955,0.33209073020002455,0.3987047861962955,0.383139152802743,0.05413776045685113,0.17931188236804257,0.4316990254167811
8,proto,100,0.45650807245898567,0.49048807685250984,0.45650807245898567,0.6114822847294112,0.465978733860634,0.45650807245898567,0.45650807245898567,0.4291999414785695,0.45650807245898567,0.4685184306041416,0.0551117307373254,0.24521371646735607,0.5254531259128311
8,clf,100,0.39574446144872416,0.43658944093038327,0.39574446144872416,0.5804157526192929,0.412737626210753,0.39574446144872416,0.39574446144872416,0.3289746215250493,0.39574446144872416,0.37981454126941955,0.054614399698426554,0.159731086715785,0.4265883575555863
9,proto,100,0.4492792925567003,0.49096414013526724,0.4492792925567003,0.6113816646883108,0.4616763911276058,0.4492792925567003,0.4492792925567003,0.4264596657447277,0.4492792925567003,0.4626343656215603,0.05560971871909552,0.2532104127679135,0.5212452387216152
9,clf,100,0.39345220945006576,0.434937416179655,0.39345220945006576,0.5764484116959663,0.4137622937252583,0.39345220945006576,0.39345220945006565,0.3288043770590728,0.39345220945006576,0.37730778255909236,0.05415233337199489,0.17372705003218347,0.43347181396121603
10,proto,100,0.4459785809261911,0.4896762743239939,0.4459785809261911,0.6124079834874361,0.458033891921778,0.4459785809261911,0.4459785809261911,0.4225744617761115,0.4459785809261911,0.46046398850089854,0.05632284577263919,0.25527437651307455,0.5236764515172669
10,clf,100,0.39160526060734213,0.43181962969892373,0.39160526060734213,0.5779708376253897,0.41189217932106653,0.39160526060734213,0.39160526060734213,0.3264354195579235,0.39160526060734213,0.37510189958935897,0.05400489538295776,0.1661679540097812,0.4247274044798634
11,proto,100,0.444030478352005,0.4873538309178543,0.444030478352005,0.6102797819766015,0.4580072401334961,0.444030478352005,0.444030478352005,0.4228648307355894,0.444030478352005,0.4589302649561368,0.05414451224235797,0.27762707468250614,0.5222642875337237
11,clf,100,0.3901190734279168,0.4331600979453251,0.3901190734279168,0.5770327680611658,0.4121895624623999,0.3901190734279168,0.3901190734279168,0.3277948854425318,0.3901190734279168,0.37416952698587247,0.054596945810743196,0.17600768098890693,0.4292202211087031
12,proto,100,0.4374287688813561,0.4863566308955445,0.4374287688813561,0.6111781045798625,0.4556839870011434,0.4374287688813561,0.4374287688813561,0.41834387932086337,0.4374287688813561,0.45314051487463014,0.053926353886257196,0.24920322265060807,0.5210048587354154
12,clf,100,0.38646857181301636,0.4307842974712132,0.38646857181301636,0.5745050521655247,0.4109572151495771,0.38646857181301636,0.38646857181301636,0.32514329598464475,0.38646857181301636,0.3701859563045737,0.053286891261777485,0.17941060302986261,0.42268258900474054
13,proto,100,0.43420522884550755,0.4824792714784719,0.43420522884550755,0.6089384843683459,0.4527561157276497,0.43420522884550755,0.43420522884550755,0.4156004005887606,0.43420522884550755,0.4501790868585762,0.05446641948730192,0.2606568108245177,0.5247655387206587
13,clf,100,0.38619697095427574,0.43046205188507225,0.38619697095427574,0.5764335446499337,0.4113449664902841,0.38619697095427574,0.38619697095427574,0.3255926892757362,0.38619697095427574,0.3703268762662743,0.05347690809246571,0.17261716966484453,0.41940618327708923
14,proto,100,0.4283039616895401,0.483814527464124,0.4283039616895401,0.6104221776969375,0.44793909245348634,0.4283039616895401,0.4283039616895401,0.41295546472678935,0.4283039616895401,0.44617188772933714,0.05451096106993994,0.26008969045285735,0.5211798568002229
14,clf,100,0.38475418820866514,0.4264484290946007,0.38475418820866514,0.5743054403933089,0.4111094521515279,0.38475418820866514,0.38475418820866514,0.32402973975047034,0.38475418820866514,0.36855828549095176,0.05479660184995147,0.18147532255568743,0.4305045937533575
15,proto,100,0.4241825941241721,0.4830070367108244,0.4241825941241721,0.609095343203116,0.44542953601876173,0.4241825941241721,0.4241825941241721,0.4097850126898871,0.4241825941241721,0.44144815848185653,0.05460051411505161,0.2517135437475927,0.5194836363092352
15,clf,100,0.38137133255579697,0.42724775399999126,0.38137133255579697,0.5760569040172101,0.4099758001217739,0.38137133255579697,0.3813713325557969,0.3215389330590605,0.38137133255579697,0.36446918508285964,0.055947577609630914,0.17077774791958122,0.4355581787978739
16,proto,100,0.4224225693763315,0.4788905366601987,0.4224225693763315,0.6070485773611952,0.4453915774209963,0.4224225693763315,0.4224225693763315,0.408793792912218,0.4224225693763315,0.44007102906360757,0.052976531018455175,0.25792451882810874,0.5059803856123763
16,clf,100,0.38059863624828216,0.4272831916156676,0.38059863624828216,0.5749681643712388,0.4094627848068737,0.38059863624828216,0.38059863624828216,0.3214512820592708,0.38059863624828216,0.3639873096895526,0.05239347124963625,0.18227363030067628,0.42593460193164046
17,proto,100,0.41814602787031335,0.4794079774884301,0.41814602787031335,0.6100359352319054,0.4419396169266332,0.41814602787031335,0.41814602787031335,0.4060506458680698,0.41814602787031335,0.4378245500069027,0.05294212243531997,0.24614664823545565,0.5095034987764356
17,clf,100,0.3818340173712518,0.425482558320762,0.3818340173712518,0.5737509191035549,0.41311091119068927,0.3818340173712518,0.3818340173712518,0.3237367941137252,0.3818340173712518,0.36502071615911064,0.054066127049264355,0.18164222025703836,0.42631190118219703
18,proto,100,0.4122931561608992,0.4785253340616908,0.4122931561608992,0.6070869057720831,0.4384773446847406,0.4122931561608992,0.4122931561608992,0.4026766510598203,0.4122931561608992,0.43238257963171906,0.05272810952169797,0.252313858123098,0.5076672565943572
18,clf,100,0.3799144279668439,0.4258526386437782,0.3799144279668439,0.5716795146665855,0.4109587593266737,0.3799144279668439,0.3799144279668438,0.32215117281487304,0.3799144279668439,0.3618692343376781,0.054944207433729665,0.16854054286034262,0.4348408879122555
19,proto,100,0.40931763349611666,0.47625191525792165,0.40931763349611666,0.6064346553663458,0.4375669389398309,0.40931763349611666,0.4093176334961165,0.4002783426733248,0.40931763349611666,0.42969353628318196,0.053306284642404375,0.24200383018802604,0.5034762958063045
19,clf,100,0.37689294914212845,0.42534191591083437,0.37689294914212845,0.5743222156839173,0.4097216032479497,0.37689294914212845,0.3768929491421285,0.32094652187440453,0.37689294914212845,0.36020496254905426,0.05297325412684073,0.17199659839542447,0.4452043299189332
20,proto,100,0.40674508562732387,0.4780943040637952,0.40674508562732387,0.6078848752278959,0.43433106030289054,0.40674508562732387,0.40674508562732387,0.39883268410619555,0.40674508562732387,0.4282721054303864,0.05309806817482317,0.2375282945573017,0.496573406411771
20,clf,100,0.3790570266183319,0.4248685947635103,0.3790570266183319,0.5734180107561112,0.41131371863444,0.3790570266183319,0.3790570266183319,0.3211762863991875,0.3790570266183319,0.3620683282445756,0.054615483455012555,0.17567475815323058,0.42018199270161094
21,proto,100,0.40372322859702564,0.47398366160359684,0.40372322859702564,0.6050221022526023,0.4324706517599223,0.40372322859702564,0.40372322859702564,0.3958382818547141,0.40372322859702564,0.424545150593163,0.05444415019912393,0.24944269581039544,0.5139763473018808
21,clf,100,0.3778070515919807,0.42476894950596306,0.3778070515919807,0.5729341764182909,0.41059562167973523,0.3778070515919807,0.3778070515919807,0.3213548999463057,0.3778070515919807,0.3602235502835569,0.054943580913070195,0.16770439109197255,0.46040645421945725
22,proto,100,0.39830950467799425,0.4730754908693904,0.39830950467799425,0.6049065261932158,0.42946428834309247,0.39830950467799425,0.39830950467799425,0.393312778268843,0.39830950467799425,0.42091651581119854,0.053040969909956194,0.23688568743760768,0.48742681361973506
22,clf,100,0.3737231812051711,0.4201062563962926,0.3737231812051711,0.5696895656389016,0.4101381404221805,0.3737231812051711,0.3737231812051711,0.3196532524270224,0.3737231812051711,0.35638683059724907,0.053799735465516724,0.17380905975139355,0.4176456885161365
23,proto,100,0.39244417076939186,0.4697307980800695,0.39244417076939186,0.6021108006268302,0.42524559651496857,0.39244417076939186,0.39244417076939186,0.3888218044097655,0.39244417076939186,0.414656800015448,0.05467136002699807,0.24089214700057343,0.5038965183294435
23,clf,100,0.37213551970232717,0.42244190377178353,0.37213551970232717,0.5717690355219684,0.40911557173327523,0.37213551970232717,0.37213551970232717,0.31872418600714947,0.37213551970232717,0.354644905107913,0.053088535703462975,0.16786582941011102,0.4308507817684377
24,proto,100,0.39282856795847876,0.46492526244644117,0.39282856795847876,0.5996279012617772,0.426411493993241,0.39282856795847876,0.39282856795847876,0.3884764427313807,0.39282856795847876,0.4152274174239178,0.05266907780019981,0.2322021880867855,0.4848908238682291
24,clf,100,0.37427082103042353,0.42268199348693924,0.37427082103042353,0.5721285897557683,0.41128593490752635,0.37427082103042353,0.37427082103042353,0.32036910439507615,0.37427082103042353,0.3566416841871717,0.05471746930225244,0.17749734093499256,0.4477722546562302
25,proto,100,0.3889675805333961,0.46518690283857267,0.3889675805333961,0.6000709159649187,0.4246983630985781,0.3889675805333961,0.3889675805333961,0.385746069193788,0.3889675805333961,0.4108702724402766,0.0514625012453019,0.2525512745878464,0.49769397065894105
25,clf,100,0.37169960570906424,0.4207219833351115,0.37169960570906424,0.5718957808746429,0.41158189797432726,0.37169960570906424,0.3716996057090644,0.31945244918296806,0.37169960570906424,0.3539473404310882,0.052562729967302046,0.18970217682945223,0.4272407584845589
26,proto,100,0.385135818085159,0.4666913529532481,0.385135818085159,0.6013340434656635,0.41945308523388947,0.385135818085159,0.385135818085159,0.38311930485678375,0.385135818085159,0.4085503631037624,0.05561712556611523,0.22920956783083443,0.4944293277080366
26,clf,100,0.37112285055870814,0.4209747304862473,0.37112285055870814,0.5703998565016664,0.41051328703579126,0.37112285055870814,0.37112285055870814,0.3205701747319976,0.37112285055870814,0.353894070880649,0.0537549269143148,0.1624724714512396,0.42610933404624035
27,proto,100,0.38317467345850803,0.46402539522700004,0.38317467345850803,0.5994132894085986,0.4203589022715821,0.38317467345850803,0.38317467345850803,0.38238926226874065,0.38317467345850803,0.4072638800348471,0.05371406181076529,0.231802462642218,0.48697063690130205
27,clf,100,0.37179518021124286,0.420360718330558,0.37179518021124286,0.5701631976911776,0.41230079631721894,0.37179518021124286,0.37179518021124286,0.3198524429865158,0.37179518021124286,0.354140368504573,0.05353854476077258,0.18163156552879012,0.4207590040877882
28,proto,100,0.38004387742310614,0.46125099000285685,0.38004387742310614,0.5978711926867983,0.41771861700511204,0.38004387742310614,0.38004387742310614,0.37944400206224055,0.38004387742310614,0.4047504143794602,0.05400301229465765,0.23023861254357855,0.48228242465694093
28,clf,100,0.36983915855112154,0.4221455217425878,0.36983915855112154,0.5701424507415545,0.41028770661530056,0.36983915855112154,0.36983915855112154,0.3184020061313675,0.36983915855112154,0.3513177568586004,0.05428819778713327,0.1820017311875816,0.45214881125374495
29,proto,100,0.3754768888976032,0.46167147424595667,0.3754768888976032,0.5980171106002335,0.4133489571519076,0.3754768888976032,0.37547688889760317,0.3762521162426815,0.3754768888976032,0.40115649404436415,0.05253282593356845,0.22502663278272309,0.48187797941853616
29,clf,100,0.369713750412007,0.42063085739733125,0.369713750412007,0.5699973605881234,0.4107972404667659,0.369713750412007,0.369713750412007,0.31808352999753803,0.369713750412007,0.35148407014845096,0.05348094286726709,0.1616030151919714,0.4328970785801396
30,proto,100,0.37751438273085436,0.45956776023071677,0.37751438273085436,0.5955600738420164,0.4140993899879875,0.37751438273085436,0.3775143827308544,0.3772200650689907,0.37751438273085436,0.4021907975623947,0.05357833183475741,0.23885318964875224,0.4753295115202957
30,clf,100,0.3707554902766319,0.4198969075624066,0.3707554902766319,0.5711616311072398,0.4137205950302957,0.3707554902766319,0.3707554902766319,0.3193005925241902,0.3707554902766319,0.3521624547995345,0.054266256826454605,0.1680777087276546,0.4355974058779897
31,proto,100,0.3756915647052604,0.45691436129991936,0.3756915647052604,0.5960379743754057,0.41502180715478265,0.3756915647052604,0.3756915647052604,0.3755407806290727,0.3756915647052604,0.40028924940588956,0.05458187262517448,0.22533395948152132,0.4843114735091988
31,clf,100,0.37217821325832673,0.42090312369949445,0.37217821325832673,0.570466556715453,0.41492431650103734,0.37217821325832673,0.37217821325832673,0.32110429982416255,0.37217821325832673,0.3533631735832835,0.054497005717964925,0.1869141266237861,0.43042230377027935
32,proto,100,0.3717293557133158,0.45587440059792045,0.3717293557133158,0.5934428423453382,0.41208397243997824,0.3717293557133158,0.3717293557133158,0.3721344769130702,0.3717293557133158,0.3972252114104664,0.05216652978475126,0.2172068522417218,0.4725866578034266
32,clf,100,0.37010398516244686,0.42167430837156106,0.37010398516244686,0.5705374378297636,0.4139139295018993,0.37010398516244686,0.37010398516244686,0.32245988393025515,0.37010398516244686,0.35212605247080847,0.05439764483600211,0.1769625361940862,0.4319977299724732
33,proto,100,0.37145394120417874,0.45670613836343754,0.37145394120417874,0.5950082910593157,0.41074176820966796,0.37145394120417874,0.37145394120417874,0.37274741830399194,0.37145394120417874,0.39763864851071307,0.05464370407538914,0.22746012966329993,0.48183068761900866
33,clf,100,0.3722219503643737,0.4211567032762001,0.3722219503643737,0.570525444637707,0.4154905247947321,0.3722219503643737,0.3722219503643737,0.3217600206978654,0.3722219503643737,0.3541906176746838,0.054791666289745834,0.17448259618835155,0.4314133122387974
34,proto,100,0.3669140292247908,0.45253913618262714,0.3669140292247908,0.5939641166087827,0.4064384333448705,0.3669140292247908,0.36691402922479094,0.36736865180789124,0.3669140292247908,0.3928607639449197,0.05397040558443385,0.22236385442230033,0.47896412493783636
34,clf,100,0.3687835180051412,0.4227078120339122,0.3687835180051412,0.570825733859761,0.41434786048489836,0.3687835180051412,0.3687835180051412,0.32118184063183447,0.3687835180051412,0.35153805468206983,0.05595375180196112,0.1762341111044981,0.4509940820439084
35,proto,100,0.3644786510382579,0.45134726392880153,0.3644786510382579,0.592051621384592,0.4057718476686557,0.3644786510382579,0.3644786510382579,0.36551034249072556,0.3644786510382579,0.3899442650885428,0.05644846889787819,0.2095406778854496,0.4791292439291358
35,clf,100,0.368110496989084,0.41941022680617,0.368110496989084,0.567877442061051,0.4142181448119059,0.368110496989084,0.368110496989084,0.32071841459008665,0.368110496989084,0.3498149081954173,0.05786184644934577,0.1525628211620294,0.4391222121763638
36,proto,100,0.3623321940393498,0.45406411974633004,0.3623321940393498,0.5950673326636151,0.4029769101729331,0.3623321940393498,0.3623321940393498,0.36278119747445314,0.3623321940393498,0.38792622216303907,0.05557043384823635,0.20716403933725958,0.4716135994787144
36,clf,100,0.3682656467691811,0.42034794149780025,0.3682656467691811,0.5697400650037957,0.4137815293926782,0.3682656467691811,0.3682656467691811,0.3193783725649431,0.3682656467691811,0.3489953314362594,0.05575335086292375,0.16261346707332885,0.4484246461325652
37,proto,100,0.3621112383463663,0.4552849387328606,0.3621112383463663,0.5953544723726751,0.4028844082031393,0.3621112383463663,0.3621112383463663,0.3652395083267453,0.3621112383463663,0.38918698437494875,0.054462891476112725,0.23174455510528436,0.4622651869858111
37,clf,100,0.3703443585061828,0.42111139700785366,0.3703443585061828,0.570767087774848,0.415174894498146,0.3703443585061828,0.3703443585061828,0.32186302961697194,0.3703443585061828,0.3524216066848952,0.05507589359160121,0.17897220975732953,0.4478047459448591
38,proto,100,0.36269034450439874,0.45155997370406914,0.36269034450439874,0.5927527804746954,0.40328889320684363,0.36269034450439874,0.3626903445043987,0.36364321174769687,0.36269034450439874,0.38879238332221455,0.05322657888641972,0.22439801204195517,0.4746944378603414
38,clf,100,0.3735473862323689,0.42278425025921607,0.3735473862323689,0.5698615804924048,0.4179488919690994,0.3735473862323689,0.3735473862323689,0.32466983715839265,0.3735473862323689,0.3548220751529721,0.05565170565798089,0.17453032462743784,0.44524433690813436
39,proto,100,0.3579145641951938,0.4534228956279154,0.3579145641951938,0.5926994381497959,0.4002146430083917,0.3579145641951938,0.3579145641951939,0.36111788698758174,0.3579145641951938,0.3847144048339437,0.053990311070579944,0.19882138860000428,0.4816509636230281
39,clf,100,0.37106589391305517,0.4195833352307028,0.37106589391305517,0.5687517123448265,0.4172000886667461,0.37106589391305517,0.37106589391305517,0.32382945896110277,0.37106589391305517,0.35315133360474393,0.05495509498300054,0.17151485031636812,0.45215201564593577
40,proto,100,0.3578432859170087,0.4531456901987672,0.3578432859170087,0.5929980695622256,0.3985569685673307,0.3578432859170087,0.3578432859170087,0.35976526993046876,0.3578432859170087,0.38488633935988936,0.055131818013052426,0.22579377247784888,0.4867827647884565
40,clf,100,0.3725132067623902,0.42416664483488,0.3725132067623902,0.5717286673218372,0.419155801017463,0.3725132067623902,0.3725132067623902,0.32509482750627816,0.3725132067623902,0.35377755030860564,0.05637009189629484,0.17505348299252516,0.43943543019367676
41,proto,100,0.35598853693261157,0.4485815048424817,0.35598853693261157,0.5905352932386391,0.3960695909982175,0.35598853693261157,0.35598853693261157,0.3572989441636279,0.35598853693261157,0.38323383832504,0.05532656727700723,0.21809539445725395,0.46980887111664293
41,clf,100,0.3721691911502123,0.4225417438686368,0.3721691911502123,0.5692475283081977,0.4174414601148421,0.3721691911502123,0.3721691911502123,0.3246127395439576,0.3721691911502123,0.3541416406564244,0.05511154329756649,0.1864569743765005,0.460918269151796
42,proto,100,0.3545560540166779,0.4487706466482129,0.3545560540166779,0.5907025768868162,0.3957164924781537,0.3545560540166779,0.35455605401667795,0.35662874825997093,0.3545560540166779,0.3809600021947528,0.057874612910201934,0.2021726202609169,0.4911393925573483
42,clf,100,0.37099252574701885,0.4201041395266115,0.37099252574701885,0.5691092349342164,0.4208974444214359,0.37099252574701885,0.37099252574701885,0.3254887460427731,0.37099252574701885,0.35172419848835446,0.05690270807537045,0.17257157608208645,0.4365401897309013
43,proto,100,0.35192694257584767,0.4460651808732966,0.35192694257584767,0.5887092063798874,0.3932470300044892,0.35192694257584767,0.35192694257584767,0.35316138694630106,0.35192694257584767,0.3795446018026907,0.057378105114386034,0.18028693679585847,0.4625318808480299
43,clf,100,0.3694607578254871,0.42050086382380497,0.3694607578254871,0.5688182782863271,0.417871959943729,0.3694607578254871,0.3694607578254871,0.3233713547037218,0.3694607578254871,0.3511836220165441,0.0561032811791485,0.1627530423935481,0.4442968810737605
44,proto,100,0.35232293218420785,0.4441639837527168,0.35232293218420785,0.5891863675865555,0.3930283448710579,0.35232293218420785,0.35232293218420785,0.35270714102977835,0.35232293218420785,0.3791422709594397,0.05401583900648963,0.20829814318919326,0.45341821356717815
44,clf,100,0.37225853594667513,0.4237646448356993,0.37225853594667513,0.571229826450137,0.421570872536744,0.37225853594667513,0.3722585359466752,0.32581595060248014,0.37225853594667513,0.3520744663335574,0.05807234321898373,0.17944186686489516,0.44450090446322327
45,proto,100,0.3507926427026812,0.4430485794948316,0.3507926427026812,0.5875594231565604,0.3892149629328044,0.3507926427026812,0.3507926427026812,0.3511149835939761,0.3507926427026812,0.3783856903138573,0.05638954969250952,0.22053714205056368,0.4837540964626768
45,clf,100,0.3709543316294257,0.42328712947037717,0.3709543316294257,0.5706166305883492,0.4197682713692774,0.3709543316294257,0.3709543316294257,0.3257938954468513,0.3709543316294257,0.3517385477197807,0.05631503398356807,0.18022061937859302,0.45102013344008596
46,proto,100,0.34998792901592296,0.44388750469701466,0.34998792901592296,0.5875205266266983,0.3877732496917584,0.34998792901592296,0.34998792901592296,0.3505804284999969,0.34998792901592296,0.3776333080935603,0.05978041878202346,0.2055538903114928,0.46375009956576485
46,clf,100,0.3719116266436262,0.42218344546613606,0.3719116266436262,0.5701045780722083,0.42191946448552303,0.3719116266436262,0.3719116266436262,0.3268485752893352,0.3719116266436262,0.35365581489155673,0.05905789339743699,0.16848296458013287,0.4404555471203255
47,proto,100,0.3474684219246613,0.44280803902431215,0.3474684219246613,0.5867946300479239,0.3843566845045126,0.3474684219246613,0.3474684219246613,0.3467286434480578,0.3474684219246613,0.37572144430491333,0.05843621688997491,0.1867336917452293,0.4854230317733785
47,clf,100,0.37500307257188986,0.4231819618539186,0.37500307257188986,0.5712149518157222,0.42388429555747165,0.37500307257188986,0.37500307257188986,0.32923530864752637,0.37500307257188986,0.356692433814373,0.058621626579238716,0.17686026564560903,0.4595773874227351
48,proto,100,0.345358798618351,0.4443519762505864,0.345358798618351,0.58882472372395,0.3830369132779075,0.345358798618351,0.345358798618351,0.3465977155244449,0.345358798618351,0.3745926088968035,0.05687943141347228,0.2074566853099821,0.4902973771116417
48,clf,100,0.3750297579028938,0.42545889113087526,0.3750297579028938,0.5719863849412937,0.4237475378364169,0.3750297579028938,0.37502975790289383,0.33014446927094454,0.3750297579028938,0.35691397340953,0.05818245878375392,0.16969468626943301,0.44041377297135614
49,proto,100,0.34352035429035205,0.4404449434418452,0.34352035429035205,0.584891243555052,0.3813910005609012,0.34352035429035205,0.34352035429035205,0.34395058354926433,0.34352035429035205,0.3720435831179354,0.05969076339933246,0.2059247336653091,0.46252588301585584
49,clf,100,0.3722279180210128,0.42595283722319094,0.3722279180210128,0.5714153374293546,0.42256104974106484,0.3722279180210128,0.3722279180210128,0.3283624768249194,0.3722279180210128,0.3528389924576774,0.05893453551581763,0.18230838329066557,0.45321007460592144
50,proto,100,0.3415641681526182,0.4387259419216505,0.3415641681526182,0.5846022496514691,0.37992370225261857,0.3415641681526182,0.3415641681526182,0.3434721630518638,0.3415641681526182,0.3708243383851013,0.060696819499413454,0.19296460160969428,0.4633621284785895
50,clf,100,0.37304778687938855,0.4226866105628562,0.37304778687938855,0.5697982484416726,0.42411371516046187,0.37304778687938855,0.37304778687938855,0.32886368438598124,0.37304778687938855,0.35401663817445234,0.05988232342302865,0.16915376323483305,0.4593452582568813
