round,accuracy,precision_macro,precision_micro,precision_weighted,recall_macro,recall_micro,recall_weighted,f1_macro,f1_micro,f1_weighted,train_loss,lr,seconds,skipped_steps,samples_per_sec,peak_gb
0,0.8820010662237975,0.8841593625844075,0.8820010662237975,0.8736925739196402,0.8288509070358853,0.8820010662237975,0.8820010662237975,0.8469396237312139,0.8820010662237975,0.8696802342482893,0.21385006606578827,0.001,331.1,3,130024,5.62
1,0.8782730928658254,0.880262691436939,0.8782730928658254,0.8724988845646074,0.8350558912769628,0.8782730928658254,0.8782730928658254,0.8511266787190439,0.8782730928658254,0.8690523387289654,0.1324581652879715,0.0009989726963751681,330.6,5,130211,5.6
2,0.8709731675683974,0.8705896422976851,0.8709731675683974,0.8664502716715454,0.8412362575469462,0.8709731675683974,0.8709731675683974,0.8513685009236461,0.8709731675683974,0.8642456766584711,0.1118600144982338,0.000995895006911623,330.6,4,130183,5.6
3,0.8690909675493105,0.8696819747515059,0.8690909675493105,0.8643136080095942,0.8357705921623858,0.8690909675493105,0.8690909675493105,0.8474759838260345,0.8690909675493105,0.8615366535885582,0.10037476569414139,0.0009907795784955327,330.2,5,130369,5.6
4,0.8700430791955985,0.8696858843416315,0.8700430791955985,0.866224794098724,0.8405956342419869,0.8700430791955985,0.8700430791955985,0.8510852674124711,0.8700430791955985,0.8636733621416255,0.09273649007081985,0.0009836474315195148,330.4,4,130293,5.6
5,0.8697089201598722,0.8730814769180688,0.8697089201598722,0.8651710109597931,0.841691620609808,0.8697089201598722,0.8697089201598722,0.8531991094801101,0.8697089201598722,0.8635583195810914,0.087342269718647,0.0009745278735053344,330.1,4,130398,5.6
6,0.8662862990242017,0.8678252589018852,0.8662862990242017,0.8628686761801648,0.8411298208494129,0.8662862990242017,0.8662862990242017,0.8495484748819768,0.8662862990242017,0.8600410522014098,0.08313529938459396,0.0009634583786730109,330.3,3,130335,5.6
7,0.8691948579280486,0.8690044537075049,0.8691948579280486,0.8630520401043756,0.8410167486543458,0.8691948579280486,0.8691948579280486,0.8500192098072192,0.8691948579280486,0.8614582030338996,0.07974540442228317,0.0009504844339512095,329.4,4,130677,5.6
8,0.8593168157543162,0.8579903045736761,0.8593168157543162,0.8563010418830524,0.8399194015407971,0.8593168157543162,0.8593168157543162,0.845382016534254,0.8593168157543162,0.8542786559135029,0.0769282653927803,0.0009356593520616947,329.8,6,130532,5.6
9,0.8665021642744777,0.8673683825570093,0.8665021642744777,0.8629310176911092,0.8390890070663872,0.8665021642744777,0.8665021642744777,0.8485225453590477,0.8665021642744777,0.859975502002396,0.07465028762817383,0.0009190440524459203,331.1,3,129999,5.6
10,0.8554740797686683,0.8539158875471519,0.8554740797686683,0.8528561519126829,0.8379952901140408,0.8554740797686683,0.8554740797686683,0.8424198031565242,0.8554740797686683,0.8505486067890884,0.07261458039283752,0.0009007068109339783,331.0,4,130043,5.6
11,0.8582872044873953,0.8532663156779519,0.8582872044873953,0.8543172711165907,0.8394578172632525,0.8582872044873953,0.8582872044873953,0.8421652402454068,0.8582872044873953,0.8517892994797358,0.07087942957878113,0.0008807229791845672,329.2,4,130775,5.6
12,0.8562406197813786,0.8555258196956748,0.8562406197813786,0.8544456717320829,0.8402962000827247,0.8562406197813786,0.8562406197813786,0.8442973774127653,0.8562406197813786,0.8515109433797803,0.06936405599117279,0.0008591746750488638,329.4,4,130692,5.6
13,0.8615585433899839,0.862579085605729,0.8615585433899839,0.8590160079123501,0.840664045823764,0.8615585433899839,0.8615585433899839,0.847692833172658,0.8615585433899839,0.8560983813249017,0.06798311322927475,0.0008361504451306584,329.6,5,130614,5.6
14,0.8603802517957099,0.8592412242390215,0.8603802517957099,0.8582881787322114,0.8422259409309105,0.8603802517957099,0.8603802517957099,0.8473350368166672,0.8603802517957099,0.8557308237662749,0.06677737087011337,0.0008117449009293668,330.1,3,130400,5.6
15,0.8556619745323609,0.8552993885042668,0.8556619745323609,0.8539221781644716,0.8406796803891838,0.8556619745323609,0.8556619745323609,0.8447417879398871,0.8556619745323609,0.8513068298167334,0.06561220437288284,0.0007860583300610849,330.1,5,130381,5.6
16,0.8575780922511251,0.8536575173449953,0.8575780922511251,0.8543421171967047,0.8403821825379603,0.8575780922511251,0.8575780922511251,0.8434479239121282,0.8575780922511251,0.8522458560384942,0.06459628790616989,0.0007591962841552626,329.5,3,130619,5.6
17,0.846116883366695,0.8427992694643706,0.846116883366695,0.8472999272237228,0.8388987823200184,0.846116883366695,0.846116883366695,0.8375552056533646,0.846116883366695,0.843215272730209,0.0636155754327774,0.0007312691451204177,330.2,5,130367,5.6
18,0.8523402701688814,0.8511933584537283,0.8523402701688814,0.8516281681834096,0.8402686189431315,0.8523402701688814,0.8523402701688814,0.8421644686148739,0.8523402701688814,0.8482001460869925,0.06268492341041565,0.0007023916715611969,330.0,5,130457,5.6
19,0.8522859089241929,0.8475910074537769,0.8522859089241929,0.8511124986997989,0.8401269695880695,0.8522859089241929,0.8522859089241929,0.8395173875561466,0.8522859089241929,0.8473892969956937,0.061804480850696564,0.0006726825272106538,330.1,5,130414,5.6
20,0.8520323160408511,0.8509393464720498,0.8520323160408511,0.8514152376766053,0.839889420443874,0.8520323160408511,0.8520323160408511,0.8421469726465383,0.8520323160408511,0.8483234236340621,0.06102079898118973,0.0006422637933155162,330.2,4,130354,5.6
21,0.8499309054641229,0.8481977812337133,0.8499309054641229,0.8498212166585015,0.8383139446114729,0.8499309054641229,0.8499309054641229,0.8396226298740779,0.8499309054641229,0.8461651924017372,0.0602601058781147,0.0006112604669781572,330.6,3,130208,5.6
22,0.8473260261288948,0.8426612307360203,0.8473260261288948,0.8472786076922544,0.8380980923564432,0.8473260261288948,0.8473260261288948,0.8365144121852746,0.8473260261288948,0.8429854497291133,0.05949046462774277,0.0005797999475166897,330.6,5,130197,5.6
23,0.8496780559824179,0.8474396730437261,0.8496780559824179,0.8494868534212882,0.8407407816138464,0.8496780559824179,0.8496780559824179,0.8407077763492146,0.8496780559824179,0.8461165737951437,0.058777570724487305,0.0005480115129538409,330.0,4,130451,5.6
24,0.8429700642382647,0.8409588848409988,0.8429700642382647,0.8458340332552635,0.8399916858053298,0.8429700642382647,0.8429700642382647,0.8381448555722035,0.8429700642382647,0.8415250519908914,0.058137718588113785,0.0005160257887858277,329.8,5,130509,5.6
25,0.8453522018580767,0.8437671323615886,0.8453522018580767,0.8467735542979561,0.8400353581167626,0.8453522018580767,0.8453522018580767,0.838969413485918,0.8453522018580767,0.8430067442323155,0.0575094111263752,0.0004839742112141724,328.8,4,130904,5.6
26,0.8477898158250322,0.8436496994009777,0.8477898158250322,0.8469996707729565,0.8361992269863274,0.8477898158250322,0.8477898158250322,0.8356003658930575,0.8477898158250322,0.842561585547988,0.05693087354302406,0.0004519884870461591,330.5,4,130223,5.6
27,0.84495373858077,0.8411321044238123,0.84495373858077,0.8469358629162533,0.8405543053103222,0.84495373858077,0.84495373858077,0.8377395588566369,0.84495373858077,0.8425614296985192,0.05633988231420517,0.0004202000524833105,330.4,4,130276,5.6
28,0.8517422035521031,0.849990774117607,0.8517422035521031,0.8510344676403744,0.839636228583196,0.8517422035521031,0.8517422035521031,0.8414700074998457,0.8517422035521031,0.8477120974321459,0.05575133115053177,0.00038873953302184284,329.8,4,130512,5.6
29,0.8481763846761505,0.846817856036479,0.8481763846761505,0.849023575741853,0.8405117994361735,0.8481763846761505,0.8481763846761505,0.8407817721722479,0.8481763846761505,0.8453570221317268,0.05526890605688095,0.0003577362066844838,330.3,5,130334,5.6
30,0.8467517483644932,0.8456773895569947,0.8467517483644932,0.8479952634751935,0.8405207267750353,0.8467517483644932,0.8467517483644932,0.8401606875420748,0.8467517483644932,0.8440412482213999,0.054725877940654755,0.0003273174727893463,330.0,3,130430,5.6
31,0.8462677009737539,0.8430633246593839,0.8462677009737539,0.8473080888908231,0.8403790981618702,0.8462677009737539,0.8462677009737539,0.8388214249976604,0.8462677009737539,0.843438352849246,0.054217688739299774,0.0002976083284388031,330.2,5,130356,5.6
32,0.8490425405081875,0.8419637314147894,0.8490425405081875,0.8469324662792013,0.8409531281024695,0.8490425405081875,0.8490425405081875,0.8378466814816513,0.8490425405081875,0.8445706069945306,0.05380884185433388,0.0002687308548795825,330.3,4,130318,5.6
33,0.8450698021613101,0.8426917745631083,0.8450698021613101,0.8457065077988986,0.8398036420014583,0.8450698021613101,0.8450698021613101,0.8375390574789745,0.8450698021613101,0.8412432934069636,0.053355563431978226,0.00024080371584473748,330.7,4,130155,5.6
34,0.8482908685282126,0.8426530084408345,0.8482908685282126,0.8483841734041451,0.8425478758607647,0.8482908685282126,0.8482908685282126,0.8398009161963581,0.8482908685282126,0.8454519469413231,0.05291929841041565,0.0002139416699389153,331.1,5,130016,5.6
35,0.8437342811208601,0.8405141874284133,0.8437342811208601,0.8455400905881174,0.8398202663864567,0.8437342811208601,0.8437342811208601,0.8368164504676434,0.8437342811208601,0.8409231149330294,0.05253084376454353,0.00018825509907063325,329.6,5,130585,5.6
36,0.8447236557741911,0.839529910191007,0.8447236557741911,0.8447931223254125,0.8400057455928818,0.8447236557741911,0.8447236557741911,0.8365224824326335,0.8447236557741911,0.8412178188071369,0.05213954299688339,0.00016384955486934156,329.7,4,130544,5.6
37,0.8432999487145796,0.8397712953879172,0.8432999487145796,0.8448780354743946,0.8395710258714069,0.8432999487145796,0.8432999487145796,0.836626822987612,0.8432999487145796,0.8408023054890764,0.051779091358184814,0.00014082532495113625,330.9,5,130070,5.6
38,0.8443249137212706,0.8400308938573191,0.8443249137212706,0.844388168635999,0.8380463205789925,0.8443249137212706,0.8443249137212706,0.8352340219034512,0.8443249137212706,0.8402932141118225,0.05143775790929794,0.0001192770208154328,330.1,4,130392,5.6
39,0.842073057238302,0.8374959829221208,0.842073057238302,0.8429135458274923,0.8384006811535457,0.842073057238302,0.842073057238302,0.8343226286940152,0.842073057238302,0.8382219337106576,0.051144324243068695,9.929318906602175e-05,330.1,4,130417,5.6
40,0.8427821694745721,0.8386733341277861,0.8427821694745721,0.8444470899680184,0.8398918352503653,0.8427821694745721,0.8427821694745721,0.8360079306870964,0.8427821694745721,0.8398661014478302,0.050897616893053055,8.09559475540797e-05,330.0,5,130420,5.6
41,0.8326437508775624,0.828896850982427,0.8326437508775624,0.8381602398084204,0.8299664920162613,0.8326437508775624,0.8326437508775624,0.8243559088503694,0.8326437508775624,0.8306025119737541,0.05063919350504875,6.43406479383053e-05,331.3,4,129937,5.6
42,0.8396006892448276,0.8357387599231625,0.8396006892448276,0.8417506077087803,0.8383277436462971,0.8396006892448276,0.8396006892448276,0.8336832573552487,0.8396006892448276,0.8367658515995369,0.05038917064666748,4.9515566048790485e-05,329.1,5,130796,5.6
43,0.8436161731858189,0.8393893077685505,0.8436161731858189,0.845565553659417,0.8407544331417661,0.8436161731858189,0.8436161731858189,0.8369575010927867,0.8436161731858189,0.8410750726399634,0.05020362511277199,3.654162132698918e-05,329.4,5,130684,5.6
44,0.8433071039553335,0.8378464910305531,0.8433071039553335,0.843338191586159,0.8384753483031081,0.8433071039553335,0.8433071039553335,0.8345102365293215,0.8433071039553335,0.8394806150175785,0.05002206563949585,2.547212649466568e-05,328.8,5,130926,5.6
45,0.8425855397416475,0.8374927999347481,0.8425855397416475,0.84351205932866,0.8392116965843286,0.8425855397416475,0.8425855397416475,0.834794891432773,0.8425855397416475,0.8391196353979422,0.04992532730102539,1.6352568480485276e-05,329.8,5,130523,5.6
46,0.8418444612349965,0.8366753312770181,0.8418444612349965,0.8430799161181785,0.8396615499939273,0.8418444612349965,0.8418444612349965,0.834670920196452,0.8418444612349965,0.8386804396971684,0.049782153218984604,9.22042150446728e-06,365.0,4,117931,5.62
47,0.8433820016702376,0.8384781462742834,0.8433820016702376,0.8443641708424996,0.8404106722762821,0.8433820016702376,0.8433820016702376,0.8361423144497298,0.8433820016702376,0.8402300101895372,0.0497094951570034,4.104993088376974e-06,351.6,5,122425,5.6
48,0.8414065976709413,0.8376270873549478,0.8414065976709413,0.8436042408516379,0.8393846642105205,0.8414065976709413,0.8414065976709413,0.8350292240854481,0.8414065976709413,0.838599131053334,0.04964514449238777,1.0273036248318324e-06,343.8,4,125194,5.6
49,0.8434043966445453,0.8390627594385265,0.8434043966445453,0.8448972003547913,0.8404441173376966,0.8434043966445453,0.8434043966445453,0.8364765200548974,0.8434043966445453,0.8405301159371757,0.04961232841014862,0.0,346.2,5,124333,5.6
